row_type,sample_size,seed,stage1_ece,stage2_ece,delta_ece,stage1_brier,stage2_brier,delta_brier,stage1_calibration_in_the_large,stage2_calibration_in_the_large,delta_calibration_in_the_large,stage1_signed_confidence_calibration_gap,stage2_signed_confidence_calibration_gap,delta_signed_confidence_calibration_gap,stage1_signed_calibration_error,stage2_signed_calibration_error,delta_signed_calibration_error
run,50,42,0.026530933576625775,0.032569552352140256,0.0060386187755144816,0.24779019881389366,0.24831560691908264,0.0005254081051889736,0.008548413331691984,-6.103073502633505e-05,-0.00860944406671832,-0.02653093357662578,-0.032569552352140235,-0.006038618775514454,0.008548413331691984,-6.103073502633505e-05,-0.00860944406671832
run,50,1337,0.016469436523678507,0.019675400394659797,0.0032059638709812897,0.2485576115184305,0.24706083635389303,-0.0014967751645374727,-0.00865981883400091,-0.0027049788079419046,0.005954840026059005,-0.01646943652367854,-0.017417915411047882,-0.0009484788873693438,-0.00865981883400091,-0.0027049788079419046,0.005954840026059005
run,50,2025,0.014625880580682017,0.012782254880601245,-0.0018436257000807726,0.2488024569607283,0.2478272925979405,-0.0009751643627878004,-0.003140918009883753,0.0040804489955796885,0.007221367005463442,-0.01462588058068202,-0.010145963712052985,0.0044799168686290355,-0.003140918009883753,0.0040804489955796885,0.007221367005463442
run,50,3407,0.017946465657307578,0.0019315247024808174,-0.01601494095482676,0.24885234052042224,0.24949598233381237,0.0006436418133901334,-0.017946465657307564,-0.001293181226803719,0.016653284430503845,-0.001620604769214169,0.001931524702480861,0.00355212947169503,-0.017946465657307564,-0.001293181226803719,0.016653284430503845
run,50,9001,0.009995327382297298,0.02540134663110245,0.015406019248805152,0.24960180559014464,0.2476428728266001,-0.0019589327635445297,-0.004676875341069586,0.01702735188243154,0.021704227223501127,-0.009995327382297307,-0.02540134663110251,-0.015406019248805202,-0.004676875341069586,0.01702735188243154,0.021704227223501127
run,100,42,0.05427916266105985,0.03322624177723138,-0.02105292088382847,0.24560736199534466,0.246691475086889,0.0010841130915443253,0.009107762968147193,-0.00401078213702194,-0.013118545105169133,-0.05427916266105987,-0.032373400179894415,0.021905762481165457,0.009107762968147193,-0.00401078213702194,-0.013118545105169133
run,100,1337,0.03155310320985187,0.049402688722034044,0.017849585512182173,0.24610805532338298,0.2478685753675435,0.001760520044160524,7.509841368746883e-05,0.02192583270780335,0.02185073429411588,-0.031553103209851864,-0.028244069808132048,0.0033090334017198166,7.509841368746883e-05,0.02192583270780335,0.02185073429411588
run,100,2025,0.04919540620112153,0.0770226468096723,0.02782724060855077,0.24550038269335625,0.24620653545537918,0.0007061527620229324,-0.006587074353144706,-0.005781520198989698,0.0008055541541550082,-0.04919540620112157,-0.07702264680967226,-0.027827240608550692,-0.006587074353144706,-0.005781520198989698,0.0008055541541550082
run,100,3407,0.04370670282578733,0.02231373400478572,-0.02139296882100161,0.2451661004881647,0.24505101272446764,-0.00011508776369706375,-0.00634309862341198,0.001754275062581967,0.008097373685993947,-0.04370670282578731,-0.021857929426235156,0.02184877339955215,-0.00634309862341198,0.001754275062581967,0.008097373685993947
run,100,9001,0.04625644412014512,0.04699357361583918,0.0007371294956940652,0.24554099228015355,0.24611075499886703,0.0005697627187134791,-0.004323927092028168,0.015578584356622405,0.019902511448650573,-0.0462564441201451,-0.02821490004822448,0.018041544071920622,-0.004323927092028168,0.015578584356622405,0.019902511448650573
run,250,42,0.05274156833088005,0.032176721718285124,-0.020564846612594924,0.24599789927365956,0.24531591459090724,-0.0006819846827523235,0.0011474649002264359,0.011243750597094482,0.010096285696868046,-0.05274156833088005,-0.011193839894546257,0.041547728436333795,0.0011474649002264359,0.011243750597094482,0.010096285696868046
run,250,1337,0.04041521578699682,0.03981317923619199,-0.0006020365508048325,0.2463016967149528,0.24675394842228787,0.00045225170733506626,0.020064247997252482,0.010842101259545989,-0.009222146737706494,-0.04041521578699678,-0.03747336222575261,0.0029418535612441704,0.020064247997252482,0.010842101259545989,-0.009222146737706494
run,250,2025,0.02694726809040532,0.038142506729115525,0.011195238638710206,0.24641232433264518,0.2460202622495445,-0.0003920620831006638,-0.011569074549517777,-0.023346539545845202,-0.011777464996327425,-0.026947268090405308,-0.0240871970142637,0.002860071076141609,-0.011569074549517777,-0.023346539545845202,-0.011777464996327425
run,250,3407,0.06960726373798243,0.06338222717845826,-0.006225036559524166,0.2467850080121133,0.24593942961646126,-0.0008455783956520524,0.006357308272477047,0.0026837133771770993,-0.0036735948952999475,-0.06960726373798244,-0.06338222717845833,0.006225036559524111,0.006357308272477047,0.0026837133771770993,-0.0036735948952999475
run,250,9001,0.05028380486336379,0.03717822933590022,-0.013105575527463574,0.24651013296223825,0.24471517684292396,-0.0017949561193142949,-0.009597561352855555,0.00438643697198926,0.013983998324844815,-0.05028380486336383,-0.02965140686585353,0.020632397997510304,-0.009597561352855555,0.00438643697198926,0.013983998324844815
cohort_mean,50,mean,0.017113608744118235,0.018472015792196914,0.0013584070480786778,0.24872088268072384,0.24806851820626571,-0.0006523644744581391,-0.005175132902113966,0.003409722021647854,0.00858485492376182,-0.013848436566499565,-0.01672065068077255,-0.002872214114272987,-0.005175132902113966,0.003409722021647854,0.00858485492376182
cohort_std,50,std,0.006055025525330132,0.011770360255271404,0.011562217468113815,0.0006505364385515629,0.0009156272667381974,0.0011822785652060718,0.009591297988855448,0.008022510635650643,0.01163655318043044,0.00911984253195564,0.013399239714804136,0.008157039403985739,0.009591297988855448,0.008022510635650643,0.01163655318043044
cohort_mean,100,mean,0.04499816380359314,0.045791776985912525,0.0007936131823193853,0.2455845785560804,0.24638567072662926,0.0008010921705488394,-0.0016142477373500385,0.005893277958199217,0.0075075256955492555,-0.044998163803593144,-0.03754258925443167,0.00745557454916147,-0.0016142477373500385,0.005893277958199217,0.0075075256955492555
cohort_std,100,std,0.008481959955067871,0.020609229764589915,0.022311666600893107,0.000338622064802989,0.001022436130805953,0.0006896584598329626,0.006562179543515934,0.012271620055856245,0.014405402151548197,0.008481959955067885,0.022387899990845905,0.021154820396865916,0.006562179543515934,0.012271620055856245,0.014405402151548197
cohort_mean,250,mean,0.04799902416192568,0.042138572839590216,-0.005860451322335458,0.24640141225912182,0.24574894634442496,-0.0006524659146968537,0.0012804770535165266,0.0011618925319923257,-0.00011858452152420096,-0.04799902416192568,-0.033157606635774876,0.014841417526150799,0.0012804770535165266,0.0011618925319923257,-0.00011858452152420096
cohort_std,250,std,0.01577433476241429,0.012211801002278123,0.012118080231124477,0.00028803250056782165,0.00077073362058391,0.0008111194171564419,0.012865308530064694,0.014219064416288093,0.011561453782122314,0.015774334762414306,0.01942373709056348,0.016629467847191663,0.012865308530064694,0.014219064416288093,0.011561453782122314
