sample_size,series,metric,n_seeds,mean,std,median,min,max,ci_95_lower,ci_95_upper
50,stage1,macro_f1,5,0.5322239578263637,0.014786663652857976,0.5382384922073215,0.5059343434343435,0.5414772029003319,0.5138638899150617,0.5505840257376656
50,stage2,macro_f1,5,0.541624389752694,0.014104778879869054,0.5398158264398314,0.5208062221953212,0.5549316185128159,0.5241109936149357,0.5591377858904523
50,delta,macro_f1,5,0.009400431926330378,0.008219560956277504,0.01345441561248406,-0.0002791111628340781,0.017544947082642093,-0.0008055009941207031,0.01960636484678146
50,stage1,balanced_accuracy,5,0.5384615384615385,0.0077704041888631715,0.5384615384615385,0.5274725274725275,0.5494505494505495,0.5288133073287354,0.5481097695943417
50,stage2,balanced_accuracy,5,0.5450549450549451,0.014743305346152508,0.554945054945055,0.5219780219780219,0.554945054945055,0.5267487135921025,0.5633611765177877
50,delta,balanced_accuracy,5,0.006593406593406547,0.009828870230768352,0.005494505494505475,-0.005494505494505586,0.016483516483516536,-0.005610747715155238,0.01879756090196833
50,stage1,auroc,5,0.5421325926820433,0.012432423844128222,0.5420842893370366,0.5261441854848449,0.5606810771645936,0.5266956995843792,0.5575694857797073
50,stage2,auroc,5,0.5515758966308416,0.016767071423792305,0.552348750150948,0.5248158434971621,0.5661152034778407,0.5307568276886075,0.5723949655730757
50,delta,auroc,5,0.00944330394879842,0.023754646342380174,0.014249486776959364,-0.017268445839874413,0.03997101799299585,-0.02005198520459777,0.03893859310219461
50,stage1,brier,5,0.24872088268072384,0.0006505364385515629,0.2488024569607283,0.24779019881389366,0.24960180559014464,0.24791313500545467,0.24952863035599301
50,stage2,brier,5,0.24806851820626571,0.0009156272667381974,0.2478272925979405,0.24706083635389303,0.24949598233381237,0.24693161679338319,0.24920541961914824
50,delta,brier,5,-0.0006523644744581391,0.0011822785652060718,-0.0009751643627878004,-0.0019589327635445297,0.0006436418133901334,-0.00212035720472252,0.0008156282558062417
50,stage1,ece,5,0.017113608744118235,0.006055025525330132,0.016469436523678507,0.009995327382297298,0.026530933576625775,0.009595301541110976,0.024631915947125493
50,stage2,ece,5,0.018472015792196914,0.011770360255271404,0.019675400394659797,0.0019315247024808174,0.032569552352140256,0.0038571832173379464,0.03308684836705588
50,delta,ece,5,0.0013584070480786778,0.011562217468113815,0.0032059638709812897,-0.01601494095482676,0.015406019248805152,-0.012997982121480924,0.01571479621763828
50,stage1,runner_val_loss,5,0.17391261340497616,0.0010070733701589897,0.17376802370443448,0.1727592041204264,0.17547439006003704,0.1726621666577,0.1751630601522523
50,stage2,runner_val_loss,5,0.17384359122632626,0.0007033090423963255,0.17353093050993407,0.17308194837072394,0.17467708656421074,0.17297031770877158,0.17471686474388093
50,delta,runner_val_loss,5,-6.902217864989679e-05,0.0012003301427458359,0.0003227442502975464,-0.0020475209086805723,0.0010606852861551053,-0.0015594289028561862,0.0014213845455563927
50,stage1,best_epoch,5,6.0,6.819090848492928,3.0,2.0,18.0,-2.467019607054427,14.467019607054427
50,stage2,best_epoch,5,5.8,4.08656334834051,5.0,1.0,12.0,0.7258614139865607,10.874138586013439
50,delta,best_epoch,5,-0.2,6.833739825307956,2.0,-11.0,7.0,-8.685208714176168,8.28520871417617
50,stage1,epochs_completed,5,11.0,6.819090848492928,8.0,7.0,23.0,2.532980392945573,19.467019607054425
50,stage2,epochs_completed,5,10.8,4.08656334834051,10.0,6.0,17.0,5.725861413986562,15.87413858601344
50,delta,epochs_completed,5,-0.2,6.833739825307956,2.0,-11.0,7.0,-8.685208714176168,8.28520871417617
50,stage1,training_time_s,5,109.78180265426636,69.04883448058176,79.43217730522156,69.13341617584229,231.28294897079468,24.046350761797285,195.51725454673544
50,stage2,training_time_s,5,106.23797526359559,40.624842672712994,98.09003019332886,58.587435483932495,167.8096227645874,55.79557068419588,156.6803798429953
50,delta,training_time_s,5,-3.5438273906707765,68.7924828946892,19.10480570793152,-112.81838297843933,68.11753988265991,-88.96097674805462,81.87332196671308
50,stage1,peak_vram_mb,5,108.99853515625,0.0,108.99853515625,108.99853515625,108.99853515625,108.99853515625,108.99853515625
50,stage2,peak_vram_mb,5,110.0791015625,0.0,110.0791015625,110.0791015625,110.0791015625,110.0791015625,110.0791015625
50,delta,peak_vram_mb,5,1.08056640625,0.0,1.08056640625,1.08056640625,1.08056640625,1.08056640625,1.08056640625
100,stage1,macro_f1,5,0.5727786649581795,0.004802230617102873,0.5740296057630931,0.565816095425034,0.577313286884244,0.566815908089851,0.578741421826508
100,stage2,macro_f1,5,0.5765817295801376,0.01915920444456796,0.5722613924243811,0.5603864734299517,0.6093121693121692,0.5527924351870921,0.6003710239731832
100,delta,macro_f1,5,0.0038030646219580745,0.01937128612069834,-0.004342130340657113,-0.011392325618658217,0.03528256354907611,-0.02024956395301731,0.027855693196933456
100,stage1,balanced_accuracy,5,0.5747252747252747,0.0062647001379073294,0.5769230769230769,0.5659340659340659,0.5824175824175823,0.566946622104493,0.5825039273460564
100,stage2,balanced_accuracy,5,0.5791208791208791,0.019269975732692533,0.5769230769230769,0.5604395604395604,0.6098901098901099,0.5551940440073345,0.6030477142344236
100,delta,balanced_accuracy,5,0.004395604395604447,0.020337093981672272,0.0,-0.016483516483516425,0.03296703296703307,-0.020856233029524458,0.02964744182073335
100,stage1,auroc,5,0.5861369399830938,0.008949327209728452,0.586523366743147,0.5733607052288371,0.5965463108320251,0.5750248825786286,0.597248997387559
100,stage2,auroc,5,0.577949523004468,0.0087151235768632,0.57396449704142,0.5679265789155898,0.5873686752807632,0.5671282678191801,0.5887707781897559
100,delta,auroc,5,-0.008187416978625794,0.006977597503176617,-0.008332327013645724,-0.018355271102523774,0.0008453085376162184,-0.016851248592276675,0.000476414635025086
100,stage1,brier,5,0.2455845785560804,0.000338622064802989,0.24554099228015355,0.2451661004881647,0.24610805532338298,0.24516412372921711,0.2460050333829437
100,stage2,brier,5,0.24638567072662926,0.001022436130805953,0.24620653545537918,0.24505101272446764,0.2478685753675435,0.24511614859254474,0.24765519286071377
100,delta,brier,5,0.0008010921705488394,0.0006896584598329626,0.0007061527620229324,-0.00011508776369706375,0.001760520044160524,-5.52319100824071e-05,0.001657416251180086
100,stage1,ece,5,0.04499816380359314,0.008481959955067871,0.04625644412014512,0.03155310320985187,0.05427916266105985,0.03446641949317934,0.05552990811400693
100,stage2,ece,5,0.045791776985912525,0.020609229764589915,0.04699357361583918,0.02231373400478572,0.0770226468096723,0.02020203835651179,0.07138151561531325
100,delta,ece,5,0.0007936131823193853,0.022311666600893107,0.0007371294956940652,-0.02139296882100161,0.02782724060855077,-0.02690997997593494,0.02849720634057371
100,stage1,runner_val_loss,5,0.17127719790070922,0.0008847800115895833,0.17092387083467547,0.17049669318801755,0.17277058451385288,0.17017859841398814,0.1723757973874303
100,stage2,runner_val_loss,5,0.17534184724419982,0.0035627680245358625,0.17349957470055466,0.1727167939419275,0.18107560064111436,0.1709180864541821,0.17976560803421754
100,delta,runner_val_loss,5,0.004064649343490595,0.002704323373459428,0.0025757038658791864,0.0019922284307060667,0.008305016127261478,0.0007067883711650708,0.00742251031581612
100,stage1,best_epoch,5,8.0,3.391164991562634,7.0,6.0,14.0,3.789312518007706,12.210687481992295
100,stage2,best_epoch,5,8.8,3.7682887362833544,8.0,5.0,15.0,4.121051541320202,13.478948458679799
100,delta,best_epoch,5,0.8,1.9235384061671346,1.0,-2.0,3.0,-1.58838838809998,3.1883883880999804
100,stage1,epochs_completed,5,13.0,3.391164991562634,12.0,11.0,19.0,8.789312518007705,17.210687481992295
100,stage2,epochs_completed,5,13.8,3.7682887362833544,13.0,10.0,20.0,9.121051541320202,18.4789484586798
100,delta,epochs_completed,5,0.8,1.9235384061671346,1.0,-2.0,3.0,-1.58838838809998,3.1883883880999804
100,stage1,training_time_s,5,178.319571018219,46.19661089656958,162.23583889007568,150.80959820747375,260.09380316734314,120.95890242892082,235.68023960751717
100,stage2,training_time_s,5,184.38166370391846,49.724610784380644,172.12678813934326,135.27751350402832,266.89915013313293,122.64040466825838,246.12292273957854
100,delta,training_time_s,5,6.062092685699463,23.74035666925647,6.805346965789795,-26.958325386047363,35.1536808013916,-23.41545349503292,35.53963886643185
100,stage1,peak_vram_mb,5,108.99853515625,0.0,108.99853515625,108.99853515625,108.99853515625,108.99853515625,108.99853515625
100,stage2,peak_vram_mb,5,110.0791015625,0.0,110.0791015625,110.0791015625,110.0791015625,110.0791015625,110.0791015625
100,delta,peak_vram_mb,5,1.08056640625,0.0,1.08056640625,1.08056640625,1.08056640625,1.08056640625,1.08056640625
250,stage1,macro_f1,5,0.5627143905739048,0.017206703031092466,0.561038961038961,0.5449297731131347,0.583371486127644,0.5413494468924137,0.5840793342553959
250,stage2,macro_f1,5,0.5691153833287013,0.010789975427960743,0.5671951219512195,0.5578231292517006,0.5869019156856218,0.5557178592982992,0.5825129073591033
250,delta,macro_f1,5,0.006400992754796464,0.016961101081733862,0.0038310568165604852,-0.019087174766655224,0.023856958786308335,-0.014658995828287393,0.027460981337880323
250,stage1,balanced_accuracy,5,0.5725274725274725,0.01191180405971362,0.5714285714285714,0.554945054945055,0.5879120879120879,0.5577370142728687,0.5873179307820763
250,stage2,balanced_accuracy,5,0.5725274725274725,0.010568892341577624,0.5714285714285714,0.5604395604395604,0.5879120879120878,0.5594044594060441,0.5856504856489009
250,delta,balanced_accuracy,5,-2.2204460492503132e-17,0.014008295367013096,-1.1102230246251565e-16,-0.016483516483516425,0.0219780219780219,-0.017393596033424767,0.017393596033424726
250,stage1,auroc,5,0.5859920299480739,0.007804391647602956,0.5849535080304311,0.5765004226542687,0.5938896268566598,0.5763015978113631,0.5956824620847846
250,stage2,auroc,5,0.5863060016906171,0.010915580777449396,0.5844704745803647,0.5705832628909552,0.59992754498249,0.5727525180197731,0.599859485361461
250,delta,auroc,5,0.00031397174254319535,0.008954295687417551,0.0035019925129815554,-0.014370245139475935,0.007970051926096011,-0.010804254841794404,0.011432198326880794
250,stage1,brier,5,0.24640141225912182,0.00028803250056782165,0.24641232433264518,0.24599789927365956,0.2467850080121133,0.24604377267285416,0.2467590518453895
250,stage2,brier,5,0.24574894634442496,0.00077073362058391,0.24593942961646126,0.24471517684292396,0.24675394842228787,0.24479195415554067,0.24670593853330924
250,delta,brier,5,-0.0006524659146968537,0.0008111194171564419,-0.0006819846827523235,-0.0017949561193142949,0.00045225170733506626,-0.0016596036932240283,0.00035467186383032084
250,stage1,ece,5,0.04799902416192568,0.01577433476241429,0.05028380486336379,0.02694726809040532,0.06960726373798243,0.028412600591821734,0.06758544773202962
250,stage2,ece,5,0.042138572839590216,0.012211801002278123,0.038142506729115525,0.032176721718285124,0.06338222717845826,0.026975619181832826,0.057301526497347606
250,delta,ece,5,-0.005860451322335458,0.012118080231124477,-0.006225036559524166,-0.020564846612594924,0.011195238638710206,-0.02090703527266747,0.009186132627996555
250,stage1,runner_val_loss,5,0.17148085675396763,0.0007417453134645006,0.171032455432546,0.17085532320069743,0.17245841321054395,0.1705598583024024,0.17240185520553286
250,stage2,runner_val_loss,5,0.174235120677686,0.0030630616839255717,0.17371371322935755,0.1709425226672665,0.17854344042447898,0.17043182726047823,0.1780384140948938
250,delta,runner_val_loss,5,0.0027542639237183864,0.0028425490533826097,0.0012553000188136043,-8.993276527949345e-05,0.00644512851159651,-0.0007752268989949895,0.006283754746431763
250,stage1,best_epoch,5,5.2,0.8366600265340756,5.0,4.0,6.0,4.161149366316432,6.238850633683568
250,stage2,best_epoch,5,6.4,4.159326868617084,6.0,2.0,12.0,1.2355135704765692,11.56448642952343
250,delta,best_epoch,5,1.2,3.8340579025361627,0.0,-2.0,7.0,-3.56061166460779,5.96061166460779
250,stage1,epochs_completed,5,10.2,0.8366600265340756,10.0,9.0,11.0,9.161149366316431,11.238850633683567
250,stage2,epochs_completed,5,11.4,4.159326868617084,11.0,7.0,17.0,6.235513570476569,16.56448642952343
250,delta,epochs_completed,5,1.2,3.8340579025361627,0.0,-2.0,7.0,-3.56061166460779,5.96061166460779
250,stage1,training_time_s,5,248.17096004486083,20.550125050638684,243.79840421676636,218.28831100463867,267.94485449790955,222.65460961089747,273.6873104788242
250,stage2,training_time_s,5,268.60861191749575,98.34748110267007,258.3205337524414,164.52891755104065,400.9771225452423,146.4940853182853,390.7231385167062
250,delta,training_time_s,5,20.437651872634888,90.16654828980177,-8.950202941894531,-54.89157271385193,157.17871832847595,-91.51890498111314,132.3942087263829
250,stage1,peak_vram_mb,5,108.99853515625,0.0,108.99853515625,108.99853515625,108.99853515625,108.99853515625,108.99853515625
250,stage2,peak_vram_mb,5,110.0791015625,0.0,110.0791015625,110.0791015625,110.0791015625,110.0791015625,110.0791015625
250,delta,peak_vram_mb,5,1.08056640625,0.0,1.08056640625,1.08056640625,1.08056640625,1.08056640625,1.08056640625
