sample_size,seed,stage1_macro_f1,stage2_macro_f1,delta_macro_f1,stage1_balanced_accuracy,stage2_balanced_accuracy,delta_balanced_accuracy,stage1_auroc,stage2_auroc,delta_auroc,stage1_brier,stage2_brier,delta_brier,stage1_ece,stage2_ece,delta_ece,stage1_runner_val_loss,stage2_runner_val_loss,delta_runner_val_loss,stage1_best_epoch,stage2_best_epoch,stage1_epochs_completed,stage2_epochs_completed,stage1_training_time_s,stage2_training_time_s,stage1_peak_vram_mb,stage2_peak_vram_mb
50,42,0.5414772029003319,0.5549316185128159,0.01345441561248406,0.5494505494505495,0.554945054945055,0.005494505494505475,0.5606810771645936,0.5492090327255162,-0.011472044439077345,0.24779019881389366,0.24831560691908264,0.0005254081051889736,0.026530933576625775,0.032569552352140256,0.0060386187755144816,0.1727592041204264,0.17308194837072394,0.0003227442502975464,18,7,23,12,231.28294897079468,118.46456599235535,108.99853515625,110.0791015625
50,1337,0.5370639534883721,0.5546089005710142,0.017544947082642093,0.5384615384615384,0.554945054945055,0.016483516483516536,0.5436541480497525,0.5653906533027412,0.021736505252988647,0.2485576115184305,0.24706083635389303,-0.0014967751645374727,0.016469436523678507,0.019675400394659797,0.0032059638709812897,0.1734404362492509,0.174501121535406,0.0010606852861551053,5,12,10,17,99.69208288192749,167.8096227645874,108.99853515625,110.0791015625
50,2025,0.5382384922073215,0.5379593810444874,-0.0002791111628340781,0.5384615384615385,0.5384615384615384,-1.1102230246251565e-16,0.5380992633739886,0.552348750150948,0.014249486776959364,0.2488024569607283,0.2478272925979405,-0.0009751643627878004,0.014625880580682017,0.012782254880601245,-0.0018436257000807726,0.17376802370443448,0.17353093050993407,-0.00023709319450040955,2,4,7,9,69.13341617584229,88.2382218837738,108.99853515625,110.0791015625
50,3407,0.5059343434343435,0.5208062221953212,0.01487187876097773,0.5274725274725275,0.5219780219780219,-0.005494505494505586,0.5420842893370366,0.5248158434971621,-0.017268445839874413,0.24885234052042224,0.24949598233381237,0.0006436418133901334,0.017946465657307578,0.0019315247024808174,-0.01601494095482676,0.1741210128907319,0.17467708656421074,0.0005560736734788463,3,1,8,6,79.43217730522156,58.587435483932495,108.99853515625,110.0791015625
50,9001,0.5384057971014493,0.5398158264398314,0.0014100293383820794,0.5384615384615385,0.554945054945055,0.016483516483516425,0.5261441854848449,0.5661152034778407,0.03997101799299585,0.24960180559014464,0.2476428728266001,-0.0019589327635445297,0.009995327382297298,0.02540134663110245,0.015406019248805152,0.17547439006003704,0.17342686915135647,-0.0020475209086805723,2,5,7,10,69.36838793754578,98.09003019332886,108.99853515625,110.0791015625
100,42,0.577313286884244,0.5659209612655858,-0.011392325618658217,0.5824175824175823,0.5659340659340659,-0.016483516483516425,0.5919574930563941,0.5736022219538703,-0.018355271102523774,0.24560736199534466,0.246691475086889,0.0010841130915443253,0.05427916266105985,0.03322624177723138,-0.02105292088382847,0.17092387083467547,0.17349957470055466,0.0025757038658791864,7,5,12,10,162.23583889007568,135.27751350402832,108.99853515625,110.0791015625
100,1337,0.565816095425034,0.5750276514686002,0.009211556043566271,0.5659340659340659,0.5824175824175825,0.016483516483516536,0.5733607052288371,0.5679265789155898,-0.005434126313247245,0.24610805532338298,0.2478685753675435,0.001760520044160524,0.03155310320985187,0.049402688722034044,0.017849585512182173,0.17277058451385288,0.18107560064111436,0.008305016127261478,14,15,19,20,260.09380316734314,266.89915013313293,108.99853515625,110.0791015625
100,2025,0.5740296057630931,0.6093121693121692,0.03528256354907611,0.5769230769230769,0.6098901098901099,0.03296703296703307,0.586523366743147,0.5873686752807632,0.0008453085376162184,0.24550038269335625,0.24620653545537918,0.0007061527620229324,0.04919540620112153,0.0770226468096723,0.02782724060855077,0.17087106717811837,0.17286329560882444,0.0019922284307060667,6,8,11,13,151.97944474220276,172.12678813934326,108.99853515625,110.0791015625
100,3407,0.5701308139534884,0.5603864734299517,-0.009744340523536676,0.5714285714285714,0.5604395604395604,-0.01098901098901095,0.5965463108320251,0.5868856418306967,-0.009660669001328448,0.2451661004881647,0.24505101272446764,-0.00011508776369706375,0.04370670282578733,0.02231373400478572,-0.02139296882100161,0.17049669318801755,0.1727167939419275,0.002220100753909937,7,7,12,12,166.47917008399963,161.6415877342224,108.99853515625,110.0791015625
100,9001,0.5766035227650382,0.5722613924243811,-0.004342130340657113,0.5769230769230769,0.5769230769230769,0.0,0.5822968240550658,0.57396449704142,-0.008332327013645724,0.24554099228015355,0.24611075499886703,0.0005697627187134791,0.04625644412014512,0.04699357361583918,0.0007371294956940652,0.17132377378888183,0.17655397132857814,0.005230197539696307,6,9,11,14,150.80959820747375,185.96327900886536,108.99853515625,110.0791015625
250,42,0.5769103040183559,0.5578231292517006,-0.019087174766655224,0.5769230769230769,0.5604395604395604,-0.016483516483516425,0.5807269653423499,0.5842289578553315,0.0035019925129815554,0.24599789927365956,0.24531591459090724,-0.0006819846827523235,0.05274156833088005,0.032176721718285124,-0.020564846612594924,0.17085532320069743,0.17595424527650352,0.005098922075806089,6,9,11,14,267.94485449790955,330.5555646419525,108.99853515625,110.0791015625
250,1337,0.5473214285714285,0.5671951219512195,0.019873693379790947,0.5714285714285714,0.5714285714285714,0.0,0.5849535080304311,0.5705832628909552,-0.014370245139475935,0.2463016967149528,0.24675394842228787,0.00045225170733506626,0.04041521578699682,0.03981317923619199,-0.0006020365508048325,0.17245841321054395,0.17371371322935755,0.0012553000188136043,5,3,10,8,243.5524938106537,188.66092109680176,108.99853515625,110.0791015625
250,2025,0.5449297731131347,0.5687867318994431,0.023856958786308335,0.554945054945055,0.5769230769230769,0.0219780219780219,0.5765004226542687,0.5844704745803647,0.007970051926096011,0.24641232433264518,0.2460202622495445,-0.0003920620831006638,0.02694726809040532,0.038142506729115525,0.011195238638710206,0.17209831191288247,0.17854344042447898,0.00644512851159651,5,12,10,17,243.79840421676636,400.9771225452423,108.99853515625,110.0791015625
250,3407,0.583371486127644,0.5869019156856218,0.0035304295579777767,0.5879120879120879,0.5879120879120878,-1.1102230246251565e-16,0.5938896268566598,0.59992754498249,0.006037918125830211,0.2467850080121133,0.24593942961646126,-0.0008455783956520524,0.06960726373798243,0.06338222717845826,-0.006225036559524166,0.171032455432546,0.1709425226672665,-8.993276527949345e-05,4,2,9,7,218.28831100463867,164.52891755104065,108.99853515625,110.0791015625
250,9001,0.561038961038961,0.5648700178555215,0.0038310568165604852,0.5714285714285714,0.5659340659340659,-0.005494505494505475,0.5938896268566598,0.5923197681439439,-0.0015698587127158659,0.24651013296223825,0.24471517684292396,-0.0017949561193142949,0.05028380486336379,0.03717822933590022,-0.013105575527463574,0.17095978001316825,0.17202168179082347,0.001061901777655222,6,6,11,11,267.27073669433594,258.3205337524414,108.99853515625,110.0791015625
