condition,recipe,macro_f1,balanced_accuracy,auroc,brier_score,log_loss,ece,fpr,fnr,tn,fp,fn,tp,selective_coverage,selective_accuracy,samples,macro_f1_ci_lower,macro_f1_ci_upper,brier_score_ci_lower,brier_score_ci_upper,ece_ci_lower,ece_ci_upper,auroc_ci_lower,auroc_ci_upper
original,visual_calibrated,0.578699727719842,0.5791788856304985,0.6058169434387389,0.24223218903611551,0.6778376118295567,0.01018131610466903,0.3870967741935484,0.45454545454545453,209.0,132.0,155.0,186.0,0.1348973607038123,0.6630434782608695,682.0,0.5552947309622474,0.6037648152451778,0.2382500541070883,0.2459633153414636,0.011164995947409152,0.04728970035212248,0.5854086222168713,0.6289679741316294
original,early_fusion,0.5834881640517479,0.5835777126099707,0.5920141725647354,0.25734673113201656,0.7300999585621597,0.08950770683477352,0.40175953079178883,0.4310850439882698,204.0,137.0,147.0,194.0,0.31671554252199413,0.625,682.0,0.5611675055898322,0.6069536195981282,0.2490727247533457,0.26535078707780585,0.06825148281450125,0.11947003372759171,0.5698344957473706,0.6167824064120536
original,late_fusion_stacked,0.6025974305219588,0.6026392961876833,0.6248742270878304,0.23860991398460019,0.6700263382601908,0.04260778529026683,0.3870967741935484,0.40762463343108507,209.0,132.0,139.0,202.0,0.187683284457478,0.671875,682.0,0.5788502044246725,0.6273620874883564,0.23428461651700777,0.24271395571087495,0.02054052981637836,0.07496404800337526,0.60438012228997,0.6484210662103009
jpeg_q95,visual_calibrated,0.5787795120544543,0.5791788856304985,0.6053697508621357,0.2422748689577698,0.6779275171462255,0.01226367622001891,0.39002932551319647,0.45161290322580644,208.0,133.0,154.0,187.0,0.1378299120234604,0.6702127659574468,682.0,0.5550210488915686,0.6039829670093337,0.2382880356825114,0.24599564336242113,0.011371393238864397,0.048597688059158414,0.5850222736302577,0.6283917836963907
jpeg_q95,early_fusion,0.5772727272727273,0.5777126099706744,0.5921947695668252,0.25767545702321976,0.7305383194816234,0.08154913395523064,0.39002932551319647,0.45454545454545453,208.0,133.0,155.0,186.0,0.3093841642228739,0.6208530805687204,682.0,0.5541059102487492,0.6011593006355513,0.24944345969175025,0.26559227268876234,0.06337659004652363,0.11200621115402905,0.5704543304581144,0.616678778132283
jpeg_q95,late_fusion_stacked,0.5939109948999404,0.595307917888563,0.6139954076762326,0.2409481816862522,0.6750259902232938,0.04621448459661988,0.3460410557184751,0.4633431085043988,223.0,118.0,158.0,183.0,0.18621700879765396,0.6692913385826772,682.0,0.5691463583494877,0.6191135405548188,0.23666455885749052,0.24499896030682164,0.023519369782815294,0.07731197935886176,0.5938108977390976,0.6370004557924338
jpeg_q75,visual_calibrated,0.5801251969656527,0.5806451612903225,0.6045527644241105,0.2422025002113555,0.6777456944927385,0.013304094139958684,0.3841642228739003,0.45454545454545453,210.0,131.0,155.0,186.0,0.13196480938416422,0.6888888888888889,682.0,0.556081453893372,0.6050411303361256,0.2382882687206732,0.24587724387565976,0.011768508362983137,0.04882939292337961,0.5841620729095898,0.627583397115608
jpeg_q75,early_fusion,0.5599805559238146,0.5718475073313783,0.5908273922652884,0.26411026203684734,0.7521950824295822,0.10385996149170082,0.26392961876832843,0.592375366568915,251.0,90.0,202.0,139.0,0.3709677419354839,0.5849802371541502,682.0,0.5361920072778679,0.584547170536274,0.255582356468652,0.2726233114921102,0.08623886384394931,0.12446568849096429,0.5702380440484688,0.6136258288112417
jpeg_q75,late_fusion_stacked,0.44010565391205025,0.5278592375366569,0.5795443795632993,0.2738622178097921,0.7584591481717009,0.16371785968005736,0.07624633431085044,0.8680351906158358,315.0,26.0,296.0,45.0,0.5894428152492669,0.5597014925373134,682.0,0.41450750405974285,0.4657604762721854,0.2682812947930484,0.2793911095252832,0.15179421281148434,0.17640264879237166,0.5645546133934176,0.5972517006217697
jpeg_q50,visual_calibrated,0.577189009531846,0.5777126099706744,0.607588514030667,0.24178954001997435,0.6768793720133851,0.016763062379286323,0.3870967741935484,0.4574780058651026,209.0,132.0,156.0,185.0,0.13196480938416422,0.6888888888888889,682.0,0.5539414802065404,0.6010495075056992,0.23786917900062912,0.24544178760504654,0.011635959515354632,0.049437218805750624,0.5872055623876643,0.6306705308691876
jpeg_q50,early_fusion,0.5257446165877232,0.564516129032258,0.5836379116106672,0.2744188181277912,0.7948888649795153,0.13822737219965336,0.1495601173020528,0.7214076246334311,290.0,51.0,246.0,95.0,0.4178885630498534,0.5684210526315789,682.0,0.49756793260103704,0.5531376891842008,0.2655917670987873,0.2833957445410792,0.12169418085134852,0.15833871363290233,0.5638496400959744,0.6052497828536046
jpeg_q50,late_fusion_stacked,0.40261173539772044,0.5205278592375366,0.5654406136858128,0.3111801622568904,0.8892999654098417,0.24313841767537372,0.03519061583577713,0.9237536656891495,329.0,12.0,315.0,26.0,0.7741935483870968,0.5227272727272727,682.0,0.3793205228765315,0.4264117904567343,0.303733366877545,0.3185771541357842,0.23035422962424942,0.2585619753677732,0.5521536192499205,0.5806455912831847
resize_0.5,visual_calibrated,0.578699727719842,0.5791788856304985,0.6056019470076797,0.2422162683671431,0.6777898461062285,0.011931625918841253,0.3870967741935484,0.45454545454545453,209.0,132.0,155.0,186.0,0.1378299120234604,0.6702127659574468,682.0,0.5542483660130719,0.6039386743753872,0.238253236371787,0.24592455834542862,0.01146921938037436,0.0475043417539135,0.5852976840584446,0.6287359929825165
resize_0.5,early_fusion,0.5628205128205128,0.565982404692082,0.5815137468718019,0.25997940436279565,0.7458675157833048,0.07580906043479171,0.5190615835777126,0.3489736070381232,164.0,177.0,119.0,222.0,0.3181818181818182,0.5898617511520737,682.0,0.5405497321523343,0.5859084332368747,0.25168031170017435,0.26817127734314294,0.06195846547227885,0.10440598437453338,0.5595408966211161,0.6054213500055899
resize_0.5,late_fusion_stacked,0.4299881040282222,0.5219941348973607,0.5806193617185955,0.26888296020570757,0.7384250585054044,0.14857597215571425,0.8797653958944281,0.07624633431085044,41.0,300.0,26.0,315.0,0.5043988269794721,0.5726744186046512,682.0,0.4056848909920568,0.4549905418938467,0.26422970035667426,0.27347375875874785,0.13743670345482967,0.1618472343499365,0.56351381567066,0.5997288895004343
resize_0.5_jpeg_q75,visual_calibrated,0.581455442026723,0.5821114369501466,0.6057653442952847,0.2419753643200471,0.677239147523551,0.016067282323740474,0.3782991202346041,0.4574780058651026,212.0,129.0,156.0,185.0,0.12463343108504399,0.6588235294117647,682.0,0.558148494925688,0.6053813211017836,0.23811819543026308,0.24566523011537705,0.011493983295469648,0.04905135188690751,0.5855814793474429,0.6286420395421436
resize_0.5_jpeg_q75,early_fusion,0.5546659852937001,0.5615835777126099,0.5867682596468898,0.2608330993267954,0.7409892466249636,0.08041163674580297,0.31378299120234604,0.5630498533724341,234.0,107.0,192.0,149.0,0.34310850439882695,0.6111111111111112,682.0,0.5323599320882852,0.5780585569884977,0.2526394231798891,0.26897464486350003,0.06781958009101331,0.10792217365366374,0.5661799864122256,0.6098765060499995
resize_0.5_jpeg_q75,late_fusion_stacked,0.45000414528078625,0.5293255131964809,0.5728708903432203,0.26769725927573507,0.7352633866204146,0.1451938763056003,0.09090909090909091,0.8504398826979472,310.0,31.0,290.0,51.0,0.5190615835777126,0.5508474576271186,682.0,0.4235536706718721,0.47536909376017045,0.26290236886545254,0.27247932931272834,0.13436585382311136,0.15965410911703687,0.5570379081707243,0.5911804164050877
