comparison,recipe,metric,primary,delta,ci_lower,ci_upper
jpeg_q95_minus_original,visual_calibrated,macro_f1,False,7.978433461230949e-05,-0.0056952854144384606,0.0058788668958159596
jpeg_q95_minus_original,visual_calibrated,balanced_accuracy,False,0.0,-0.0058651026392961825,0.0058651026392961825
jpeg_q95_minus_original,visual_calibrated,auroc,False,-0.0004471925766031948,-0.0013331928689984183,0.0004388077157919192
jpeg_q95_minus_original,visual_calibrated,brier_score,False,4.267992165429835e-05,-3.868916146545081e-05,0.00012439993268327577
jpeg_q95_minus_original,visual_calibrated,log_loss,False,8.990531666874801e-05,-7.941400945507546e-05,0.0002619477489940957
jpeg_q95_minus_original,visual_calibrated,ece,False,0.002082360115349881,-0.00864704290482583,0.01016845934242408
jpeg_q95_minus_original,visual_calibrated,fpr,False,0.0029325513196480912,-0.0058651026392961825,0.014662756598240456
jpeg_q95_minus_original,visual_calibrated,fnr,False,-0.0029325513196480912,-0.00879765395894433,0.0
jpeg_q95_minus_original,visual_calibrated,selective_coverage,False,0.0029325513196480912,0.0,0.007331378299120242
jpeg_q95_minus_original,visual_calibrated,selective_accuracy,False,0.00716928769657732,0.0,0.0181046317791406
jpeg_q75_minus_original,visual_calibrated,macro_f1,False,0.0014254692458106621,-0.006104499842580463,0.008898391692078012
jpeg_q75_minus_original,visual_calibrated,balanced_accuracy,False,0.0014662756598240456,-0.0058651026392961825,0.008797653958944274
jpeg_q75_minus_original,visual_calibrated,auroc,False,-0.001264179014628386,-0.003018549892071734,0.0005159914345421734
jpeg_q75_minus_original,visual_calibrated,brier_score,False,-2.9688824760010224e-05,-0.0002543076702145222,0.00019538372026522483
jpeg_q75_minus_original,visual_calibrated,log_loss,False,-9.191733681823688e-05,-0.000564934776783099,0.0003798416299079231
jpeg_q75_minus_original,visual_calibrated,ece,False,0.0031227780352896545,-0.009289181364236204,0.011622967554321318
jpeg_q75_minus_original,visual_calibrated,fpr,False,-0.0029325513196480912,-0.014662756598240456,0.005865102639296238
jpeg_q75_minus_original,visual_calibrated,fnr,False,0.0,-0.011730205278592365,0.011730205278592365
jpeg_q75_minus_original,visual_calibrated,selective_coverage,False,-0.0029325513196480912,-0.011730205278592365,0.004398826979472165
jpeg_q75_minus_original,visual_calibrated,selective_accuracy,False,0.025845410628019372,-0.007661527938545661,0.0622377274135718
jpeg_q50_minus_original,visual_calibrated,macro_f1,False,-0.0015107181879959741,-0.014697220298706057,0.011730252567007254
jpeg_q50_minus_original,visual_calibrated,balanced_accuracy,False,-0.0014662756598240456,-0.014662756598240456,0.011730205278592365
jpeg_q50_minus_original,visual_calibrated,auroc,False,0.0017715705919281177,-0.0008602007206681203,0.004403341904524466
jpeg_q50_minus_original,visual_calibrated,brier_score,False,-0.00044264901614116114,-0.0008148691236495461,-7.504777407188195e-05
jpeg_q50_minus_original,visual_calibrated,log_loss,False,-0.0009582398161716021,-0.0017447730292738798,-0.00017962278153760603
jpeg_q50_minus_original,visual_calibrated,ece,False,0.006581746274617294,-0.013687332123757253,0.016696469355950184
jpeg_q50_minus_original,visual_calibrated,fpr,False,0.0,-0.02052785923753664,0.02052785923753664
jpeg_q50_minus_original,visual_calibrated,fnr,False,0.0029325513196480912,-0.014662756598240512,0.02346041055718473
jpeg_q50_minus_original,visual_calibrated,selective_coverage,False,-0.0029325513196480912,-0.016129032258064502,0.008797653958944301
jpeg_q50_minus_original,visual_calibrated,selective_accuracy,False,0.025845410628019372,-0.0103523287433291,0.06414356998340497
resize_0.5_minus_original,visual_calibrated,macro_f1,False,0.0,-0.007284502154219543,0.007286408108492786
resize_0.5_minus_original,visual_calibrated,balanced_accuracy,False,0.0,-0.007331378299120228,0.007331378299120228
resize_0.5_minus_original,visual_calibrated,auroc,False,-0.0002149964310592667,-0.0014447760167181078,0.0010663822980537835
resize_0.5_minus_original,visual_calibrated,brier_score,False,-1.5920668972407848e-05,-0.0001577991069100143,0.00012380470089981186
resize_0.5_minus_original,visual_calibrated,log_loss,False,-4.7765723328208054e-05,-0.0003447417523895352,0.00024183249861147726
resize_0.5_minus_original,visual_calibrated,ece,False,0.001750309814172223,-0.011433858742546871,0.011993571621519462
resize_0.5_minus_original,visual_calibrated,fpr,False,0.0,-0.011730205278592365,0.011730205278592365
resize_0.5_minus_original,visual_calibrated,fnr,False,0.0,-0.008797653958944274,0.008797653958944274
resize_0.5_minus_original,visual_calibrated,selective_coverage,False,0.0029325513196480912,-0.0029325513196480912,0.008797653958944288
resize_0.5_minus_original,visual_calibrated,selective_accuracy,False,0.00716928769657732,-0.006871565806694345,0.021906405526411866
resize_0.5_jpeg_q75_minus_original,visual_calibrated,macro_f1,False,0.0027557143068809298,-0.012106084368642989,0.017541860996871526
resize_0.5_jpeg_q75_minus_original,visual_calibrated,balanced_accuracy,False,0.0029325513196480912,-0.011730205278592365,0.017595307917888547
resize_0.5_jpeg_q75_minus_original,visual_calibrated,auroc,False,-5.159914345420624e-05,-0.003483157179590866,0.003345344467281852
resize_0.5_jpeg_q75_minus_original,visual_calibrated,brier_score,False,-0.0002568247160684156,-0.0007510014238004346,0.00025182831941102167
resize_0.5_jpeg_q75_minus_original,visual_calibrated,log_loss,False,-0.0005984643060057415,-0.0016395821051446435,0.00046363403685721247
resize_0.5_jpeg_q75_minus_original,visual_calibrated,ece,False,0.005885966219071444,-0.015521830439693317,0.017733875756158375
resize_0.5_jpeg_q75_minus_original,visual_calibrated,fpr,False,-0.008797653958944274,-0.029325513196480968,0.011730205278592365
resize_0.5_jpeg_q75_minus_original,visual_calibrated,fnr,False,0.0029325513196480912,-0.02052785923753664,0.02639296187683282
resize_0.5_jpeg_q75_minus_original,visual_calibrated,selective_coverage,False,-0.01026392961876832,-0.02492668621700879,0.0029325513196480912
resize_0.5_jpeg_q75_minus_original,visual_calibrated,selective_accuracy,False,-0.004219948849104815,-0.04804703351675272,0.03836706170782578
jpeg_q95_minus_original,early_fusion,macro_f1,False,-0.006215436779020589,-0.016740908514159766,0.0037552827777074266
jpeg_q95_minus_original,early_fusion,balanced_accuracy,False,-0.0058651026392962935,-0.016129032258064613,0.004398826979472026
jpeg_q95_minus_original,early_fusion,auroc,False,0.00018059700208972185,-0.0018317695926247657,0.0022273630257737542
jpeg_q95_minus_original,early_fusion,brier_score,False,0.0003287258912031965,-0.00011686121013146779,0.0007892423920944328
jpeg_q95_minus_original,early_fusion,log_loss,False,0.0004383609194636984,-0.0010785543873023298,0.0019390622801315426
jpeg_q95_minus_original,early_fusion,ece,False,-0.00795857287954288,-0.021164927485568273,0.007083400846540864
jpeg_q95_minus_original,early_fusion,fpr,False,-0.011730205278592365,-0.023460410557184785,-0.0029325513196480912
jpeg_q95_minus_original,early_fusion,fnr,False,0.02346041055718473,0.008797653958944274,0.04105571847507333
jpeg_q95_minus_original,early_fusion,selective_coverage,False,-0.007331378299120228,-0.017595307917888547,0.0014662756598240456
jpeg_q95_minus_original,early_fusion,selective_accuracy,False,-0.00414691943127965,-0.01974523039098733,0.010978906297364956
jpeg_q75_minus_original,early_fusion,macro_f1,False,-0.023507608127933288,-0.04884537012807632,0.0011924463286372578
jpeg_q75_minus_original,early_fusion,balanced_accuracy,False,-0.011730205278592365,-0.035190615835777095,0.011730205278592365
jpeg_q75_minus_original,early_fusion,auroc,False,-0.0011867802994470766,-0.011635821845357339,0.009313860389917503
jpeg_q75_minus_original,early_fusion,brier_score,False,0.0067635309048307835,0.002306498315643054,0.011191337467342875
jpeg_q75_minus_original,early_fusion,log_loss,False,0.022095123867422517,0.005044807007487137,0.03947742816808372
jpeg_q75_minus_original,early_fusion,ece,False,0.014352254656927299,-0.015161760916450027,0.0382470698544791
jpeg_q75_minus_original,early_fusion,fpr,False,-0.1378299120234604,-0.17595307917888564,-0.1026392961876833
jpeg_q75_minus_original,early_fusion,fnr,False,0.16129032258064518,0.12316715542522,0.2023460410557184
jpeg_q75_minus_original,early_fusion,selective_coverage,False,0.05425219941348974,0.020527859237536694,0.08797653958944279
jpeg_q75_minus_original,early_fusion,selective_accuracy,False,-0.04001976284584985,-0.07245203667600128,-0.008100482400339299
jpeg_q50_minus_original,early_fusion,macro_f1,False,-0.05774354746402466,-0.09023522256200679,-0.026036593369979728
jpeg_q50_minus_original,early_fusion,balanced_accuracy,False,-0.019061583577712704,-0.045454545454545525,0.007331378299120339
jpeg_q50_minus_original,early_fusion,auroc,False,-0.008376260954068182,-0.02167207024363395,0.004901918628150814
jpeg_q50_minus_original,early_fusion,brier_score,False,0.017072086995774616,0.010622007658910956,0.02350993802603909
jpeg_q50_minus_original,early_fusion,log_loss,False,0.06478890641735557,0.03721339512765994,0.09319350220934161
jpeg_q50_minus_original,early_fusion,ece,False,0.048719665364879844,0.017297886738379037,0.07395103951743949
jpeg_q50_minus_original,early_fusion,fpr,False,-0.25219941348973607,-0.29912023460410553,-0.20821114369501464
jpeg_q50_minus_original,early_fusion,fnr,False,0.2903225806451613,0.2434017595307918,0.3372434017595308
jpeg_q50_minus_original,early_fusion,selective_coverage,False,0.10117302052785926,0.057184750733137835,0.14662756598240467
jpeg_q50_minus_original,early_fusion,selective_accuracy,False,-0.05657894736842106,-0.09241579527698791,-0.02212610877250018
resize_0.5_minus_original,early_fusion,macro_f1,False,-0.02066765123123504,-0.03989985637947044,-0.0020607585597678885
resize_0.5_minus_original,early_fusion,balanced_accuracy,False,-0.01759530791788866,-0.035190615835777206,0.0
resize_0.5_minus_original,early_fusion,auroc,False,-0.010500425692933524,-0.019281094933824083,-0.002201348457615596
resize_0.5_minus_original,early_fusion,brier_score,False,0.0026326732307790923,-0.0003368230869960143,0.005557500261529509
resize_0.5_minus_original,early_fusion,log_loss,False,0.01576755722114509,0.005025529865359027,0.02759690947864817
resize_0.5_minus_original,early_fusion,ece,False,-0.013698646399981806,-0.037476801699371544,0.013792142830379403
resize_0.5_minus_original,early_fusion,fpr,False,0.11730205278592376,0.0850439882697947,0.15249266862170086
resize_0.5_minus_original,early_fusion,fnr,False,-0.08211143695014661,-0.11143695014662758,-0.0527859237536657
resize_0.5_minus_original,early_fusion,selective_coverage,False,0.0014662756598240456,-0.027859237536656867,0.030791788856305013
resize_0.5_minus_original,early_fusion,selective_accuracy,False,-0.03513824884792627,-0.06841230142303825,-0.0033067626817627443
resize_0.5_jpeg_q75_minus_original,early_fusion,macro_f1,False,-0.028822178758047712,-0.049686276600560866,-0.008335595304514462
resize_0.5_jpeg_q75_minus_original,early_fusion,balanced_accuracy,False,-0.021994134897360795,-0.04105571847507339,-0.0029325513196480912
resize_0.5_jpeg_q75_minus_original,early_fusion,auroc,False,-0.0052459129178455965,-0.012848401716531522,0.002717554888588827
resize_0.5_jpeg_q75_minus_original,early_fusion,brier_score,False,0.0034863681947788216,0.00033606440247757103,0.006548115364010561
resize_0.5_jpeg_q75_minus_original,early_fusion,log_loss,False,0.01088928806280387,-0.001060289572426043,0.02283066267422619
resize_0.5_jpeg_q75_minus_original,early_fusion,ece,False,-0.009096070088970551,-0.0320720901430101,0.019750270881769307
resize_0.5_jpeg_q75_minus_original,early_fusion,fpr,False,-0.08797653958944279,-0.12023460410557185,-0.05865102639296188
resize_0.5_jpeg_q75_minus_original,early_fusion,fnr,False,0.13196480938416427,0.09677419354838707,0.1700879765395894
resize_0.5_jpeg_q75_minus_original,early_fusion,selective_coverage,False,0.02639296187683282,0.0014662756598240456,0.05131964809384165
resize_0.5_jpeg_q75_minus_original,early_fusion,selective_accuracy,False,-0.01388888888888884,-0.04218167281922302,0.013666942508459979
jpeg_q95_minus_original,late_fusion_stacked,macro_f1,False,-0.008686435622018429,-0.02524695903097202,0.007475948568592404
jpeg_q95_minus_original,late_fusion_stacked,balanced_accuracy,False,-0.007331378299120339,-0.02346041055718484,0.008797653958944163
jpeg_q95_minus_original,late_fusion_stacked,auroc,False,-0.01087881941159774,-0.013200995863468632,-0.008728855101005295
jpeg_q95_minus_original,late_fusion_stacked,brier_score,False,0.0023382677016520192,0.0019433913668391583,0.002748796696089301
jpeg_q95_minus_original,late_fusion_stacked,log_loss,False,0.004999651963103036,0.004164738173534733,0.0058785256439195495
jpeg_q95_minus_original,late_fusion_stacked,ece,False,0.003606699306353052,-0.019946137974813767,0.024513533187434926
jpeg_q95_minus_original,late_fusion_stacked,fpr,False,-0.04105571847507328,-0.06451612903225806,-0.020527859237536694
jpeg_q95_minus_original,late_fusion_stacked,fnr,False,0.055718475073313734,0.03225806451612906,0.08211143695014661
jpeg_q95_minus_original,late_fusion_stacked,selective_coverage,False,-0.0014662756598240456,-0.01612903225806453,0.01319648093841641
jpeg_q95_minus_original,late_fusion_stacked,selective_accuracy,False,-0.0025836614173228023,-0.03786979926403034,0.03135290212609169
jpeg_q75_minus_original,late_fusion_stacked,macro_f1,True,-0.16249177660990854,-0.19706920222316557,-0.1291996428570825
jpeg_q75_minus_original,late_fusion_stacked,balanced_accuracy,False,-0.07478005865102644,-0.10117302052785926,-0.04985337243401755
jpeg_q75_minus_original,late_fusion_stacked,auroc,False,-0.045329847524531064,-0.05842743010466023,-0.03279125566515595
jpeg_q75_minus_original,late_fusion_stacked,brier_score,False,0.0352523038251919,0.030674270490109488,0.0398347109245516
jpeg_q75_minus_original,late_fusion_stacked,log_loss,False,0.08843280991151015,0.07493912977101717,0.10293689235266155
jpeg_q75_minus_original,late_fusion_stacked,ece,False,0.12111007438979055,0.08658368669462745,0.14699780724079706
jpeg_q75_minus_original,late_fusion_stacked,fpr,False,-0.31085043988269795,-0.36070381231671556,-0.26392961876832843
jpeg_q75_minus_original,late_fusion_stacked,fnr,False,0.4604105571847507,0.40762463343108507,0.5161290322580645
jpeg_q75_minus_original,late_fusion_stacked,selective_coverage,False,0.4017595307917889,0.3401759530791788,0.46187683284457476
jpeg_q75_minus_original,late_fusion_stacked,selective_accuracy,False,-0.11217350746268662,-0.1669879012077203,-0.06025787307689326
jpeg_q50_minus_original,late_fusion_stacked,macro_f1,False,-0.19998569512423836,-0.23343818381804946,-0.166688854377704
jpeg_q50_minus_original,late_fusion_stacked,balanced_accuracy,False,-0.08211143695014667,-0.10850439882697949,-0.05718475073313789
jpeg_q50_minus_original,late_fusion_stacked,auroc,False,-0.05943361340201758,-0.07540419329039136,-0.04396225522656321
jpeg_q50_minus_original,late_fusion_stacked,brier_score,False,0.0725702482722902,0.06547038873368131,0.07950844115429852
jpeg_q50_minus_original,late_fusion_stacked,log_loss,False,0.21927362714965093,0.18858524857975548,0.25608360321232104
jpeg_q50_minus_original,late_fusion_stacked,ece,False,0.2005306323851069,0.1667859307867598,0.2284592058860696
jpeg_q50_minus_original,late_fusion_stacked,fpr,False,-0.3519061583577712,-0.4046920821114369,-0.3020527859237536
jpeg_q50_minus_original,late_fusion_stacked,fnr,False,0.5161290322580645,0.4604105571847507,0.5718475073313782
jpeg_q50_minus_original,late_fusion_stacked,selective_coverage,False,0.5865102639296187,0.530791788856305,0.6392961876832844
jpeg_q50_minus_original,late_fusion_stacked,selective_accuracy,False,-0.1491477272727273,-0.20506318767640996,-0.09809850204401506
resize_0.5_minus_original,late_fusion_stacked,macro_f1,False,-0.17260932649373661,-0.20534545916720293,-0.1394816661549092
resize_0.5_minus_original,late_fusion_stacked,balanced_accuracy,False,-0.08064516129032262,-0.1055718475073314,-0.055718475073313734
resize_0.5_minus_original,late_fusion_stacked,auroc,False,-0.04425486536923484,-0.05688805565827604,-0.031217481789802215
resize_0.5_minus_original,late_fusion_stacked,brier_score,False,0.03027304622110738,0.026271820924400318,0.03417286621855818
resize_0.5_minus_original,late_fusion_stacked,log_loss,False,0.06839872024521365,0.05883366101690665,0.07768758930207306
resize_0.5_minus_original,late_fusion_stacked,ece,False,0.10596818686544743,0.07233156190831126,0.13170184149818762
resize_0.5_minus_original,late_fusion_stacked,fpr,False,0.49266862170087977,0.4398826979472141,0.5454545454545454
resize_0.5_minus_original,late_fusion_stacked,fnr,False,-0.33137829912023464,-0.3812316715542522,-0.281524926686217
resize_0.5_minus_original,late_fusion_stacked,selective_coverage,False,0.31671554252199413,0.2624633431085044,0.3709677419354839
resize_0.5_minus_original,late_fusion_stacked,selective_accuracy,False,-0.09920058139534882,-0.15371226814668867,-0.049484058613415996
resize_0.5_jpeg_q75_minus_original,late_fusion_stacked,macro_f1,False,-0.15259328524117255,-0.187394114203074,-0.11913880339754358
resize_0.5_jpeg_q75_minus_original,late_fusion_stacked,balanced_accuracy,False,-0.07331378299120239,-0.09970674486803521,-0.048387096774193505
resize_0.5_jpeg_q75_minus_original,late_fusion_stacked,auroc,False,-0.05200333674461011,-0.06507597973873629,-0.039816909039309886
resize_0.5_jpeg_q75_minus_original,late_fusion_stacked,brier_score,False,0.02908734529113488,0.025298787268616413,0.03293590493407656
resize_0.5_jpeg_q75_minus_original,late_fusion_stacked,log_loss,False,0.06523704836022381,0.05647956357727687,0.07420727542613047
resize_0.5_jpeg_q75_minus_original,late_fusion_stacked,ece,False,0.10258609101533347,0.06932843233962668,0.1297789244964878
resize_0.5_jpeg_q75_minus_original,late_fusion_stacked,fpr,False,-0.29618768328445744,-0.3460410557184751,-0.24926686217008798
resize_0.5_jpeg_q75_minus_original,late_fusion_stacked,fnr,False,0.44281524926686217,0.39002932551319647,0.49853372434017595
resize_0.5_jpeg_q75_minus_original,late_fusion_stacked,selective_coverage,False,0.3313782991202346,0.2697947214076246,0.3914956011730205
resize_0.5_jpeg_q75_minus_original,late_fusion_stacked,selective_accuracy,False,-0.12102754237288138,-0.17734471687308093,-0.06855035698256037
late_fusion_stacked_minus_visual_calibrated@original,contrast,macro_f1,False,0.023897702802116783,-4.074351088783461e-05,0.047499354406374816
late_fusion_stacked_minus_visual_calibrated@original,contrast,balanced_accuracy,False,0.02346041055718484,0.0,0.04692082111436957
late_fusion_stacked_minus_visual_calibrated@original,contrast,auroc,False,0.019057283649091428,0.008341861525098745,0.02982451991296948
late_fusion_stacked_minus_visual_calibrated@original,contrast,brier_score,False,-0.003622275051515328,-0.005553261620522242,-0.0013353970737673907
late_fusion_stacked_minus_visual_calibrated@original,contrast,log_loss,False,-0.007811273569365951,-0.012080300945392041,-0.0026530258009540013
late_fusion_stacked_minus_visual_calibrated@original,contrast,ece,False,0.0324264691855978,-0.010452699309932397,0.05119168422421952
late_fusion_stacked_minus_visual_calibrated@original,contrast,fpr,False,0.0,-0.03812316715542524,0.04105571847507328
late_fusion_stacked_minus_visual_calibrated@original,contrast,fnr,False,-0.04692082111436946,-0.09090909090909094,-0.0029325513196480912
late_fusion_stacked_minus_visual_calibrated@original,contrast,selective_coverage,False,0.0527859237536657,0.021994134897360712,0.0850439882697947
late_fusion_stacked_minus_visual_calibrated@original,contrast,selective_accuracy,False,0.008831521739130488,-0.054967685330267156,0.07265058876811589
late_fusion_stacked_minus_early_fusion@original,contrast,macro_f1,False,0.01910926647021094,-0.005601156016716758,0.04393053571462114
late_fusion_stacked_minus_early_fusion@original,contrast,balanced_accuracy,False,0.019061583577712593,-0.0058651026392961825,0.04398826979472137
late_fusion_stacked_minus_early_fusion@original,contrast,auroc,False,0.03286005452309493,0.015143488618088966,0.05116915059210014
late_fusion_stacked_minus_early_fusion@original,contrast,brier_score,False,-0.018736817147416374,-0.02509846344705266,-0.012192593518930284
late_fusion_stacked_minus_early_fusion@original,contrast,log_loss,False,-0.060073620301968944,-0.08208654179701998,-0.039051173125228565
late_fusion_stacked_minus_early_fusion@original,contrast,ece,False,-0.046899921544506694,-0.08087091711276466,-0.012774946537010423
late_fusion_stacked_minus_early_fusion@original,contrast,fpr,False,-0.014662756598240456,-0.05571847507331379,0.026392961876832877
late_fusion_stacked_minus_early_fusion@original,contrast,fnr,False,-0.02346041055718473,-0.07038123167155425,0.02346041055718473
late_fusion_stacked_minus_early_fusion@original,contrast,selective_coverage,False,-0.12903225806451613,-0.17302052785923755,-0.08357771260997068
late_fusion_stacked_minus_early_fusion@original,contrast,selective_accuracy,False,0.046875,-0.005061233679825564,0.10057620834391402
late_fusion_stacked_minus_visual_calibrated@jpeg_q95,contrast,macro_f1,False,0.015131482845486044,-0.008578754308435037,0.03889230316707792
late_fusion_stacked_minus_visual_calibrated@jpeg_q95,contrast,balanced_accuracy,False,0.016129032258064502,-0.007331378299120228,0.03958944281524923
late_fusion_stacked_minus_visual_calibrated@jpeg_q95,contrast,auroc,False,0.008625656814096883,-0.0016427877297236612,0.018618690929730564
late_fusion_stacked_minus_visual_calibrated@jpeg_q95,contrast,brier_score,False,-0.001326687271517607,-0.003183913952625906,0.0009318026052824621
late_fusion_stacked_minus_visual_calibrated@jpeg_q95,contrast,log_loss,False,-0.002901526922931663,-0.007043320049992964,0.002231455825482217
late_fusion_stacked_minus_visual_calibrated@jpeg_q95,contrast,ece,False,0.03395080837660097,-0.010195939909122662,0.053657491159574806
late_fusion_stacked_minus_visual_calibrated@jpeg_q95,contrast,fpr,False,-0.04398826979472137,-0.08211143695014661,-0.0058651026392961825
late_fusion_stacked_minus_visual_calibrated@jpeg_q95,contrast,fnr,False,0.011730205278592365,-0.03225806451612906,0.05571847507331379
late_fusion_stacked_minus_visual_calibrated@jpeg_q95,contrast,selective_coverage,False,0.04838709677419356,0.017595307917888547,0.07917888563049855
late_fusion_stacked_minus_visual_calibrated@jpeg_q95,contrast,selective_accuracy,False,-0.0009214273747696344,-0.06690404193622099,0.06470588235294117
late_fusion_stacked_minus_early_fusion@jpeg_q95,contrast,macro_f1,False,0.0166382676272131,-0.007858388950764988,0.04115829806427396
late_fusion_stacked_minus_early_fusion@jpeg_q95,contrast,balanced_accuracy,False,0.017595307917888547,-0.0058651026392962935,0.04252199413489732
late_fusion_stacked_minus_early_fusion@jpeg_q95,contrast,auroc,False,0.021800638109407466,0.004144486201528991,0.039567943172143294
late_fusion_stacked_minus_early_fusion@jpeg_q95,contrast,brier_score,False,-0.01672727533696755,-0.02313152561395734,-0.010105843004702221
late_fusion_stacked_minus_early_fusion@jpeg_q95,contrast,log_loss,False,-0.05551232925832961,-0.07732800527789332,-0.03468250503050894
late_fusion_stacked_minus_early_fusion@jpeg_q95,contrast,ece,False,-0.03533464935861076,-0.07116576217867687,-0.0035028533953198517
late_fusion_stacked_minus_early_fusion@jpeg_q95,contrast,fpr,False,-0.04398826979472137,-0.08504398826979476,-0.0029325513196480912
late_fusion_stacked_minus_early_fusion@jpeg_q95,contrast,fnr,False,0.008797653958944274,-0.038123167155425186,0.05571847507331379
late_fusion_stacked_minus_early_fusion@jpeg_q95,contrast,selective_coverage,False,-0.12316715542521994,-0.16715542521994134,-0.0777126099706745
late_fusion_stacked_minus_early_fusion@jpeg_q95,contrast,selective_accuracy,False,0.04843825801395685,-0.006810824806700564,0.10451729430158484
late_fusion_stacked_minus_visual_calibrated@jpeg_q75,contrast,macro_f1,False,-0.14001954305360242,-0.17389095196666104,-0.10782856314091253
late_fusion_stacked_minus_visual_calibrated@jpeg_q75,contrast,balanced_accuracy,False,-0.05278592375366564,-0.07917888563049846,-0.027859237536656867
late_fusion_stacked_minus_visual_calibrated@jpeg_q75,contrast,auroc,False,-0.02500838486081125,-0.03624022841220833,-0.013621958875482721
late_fusion_stacked_minus_visual_calibrated@jpeg_q75,contrast,brier_score,False,0.03165971759843658,0.027081569394461994,0.03628981049206023
late_fusion_stacked_minus_visual_calibrated@jpeg_q75,contrast,log_loss,False,0.08071345367896243,0.06591515508691997,0.09804091913019879
late_fusion_stacked_minus_visual_calibrated@jpeg_q75,contrast,ece,False,0.1504137655400987,0.11296530826983735,0.15654470162494785
late_fusion_stacked_minus_visual_calibrated@jpeg_q75,contrast,fpr,False,-0.30791788856304986,-0.35777126099706746,-0.25806451612903225
late_fusion_stacked_minus_visual_calibrated@jpeg_q75,contrast,fnr,False,0.41348973607038125,0.36070381231671556,0.46627565982404695
late_fusion_stacked_minus_visual_calibrated@jpeg_q75,contrast,selective_coverage,False,0.4574780058651027,0.4002932551319648,0.5131964809384164
late_fusion_stacked_minus_visual_calibrated@jpeg_q75,contrast,selective_accuracy,False,-0.1291873963515755,-0.20248779805201386,-0.060348681791140224
late_fusion_stacked_minus_early_fusion@jpeg_q75,contrast,macro_f1,False,-0.11987490201176432,-0.14949191813936769,-0.09088954913712634
late_fusion_stacked_minus_early_fusion@jpeg_q75,contrast,balanced_accuracy,False,-0.04398826979472148,-0.06598240469208216,-0.02346041055718473
late_fusion_stacked_minus_early_fusion@jpeg_q75,contrast,auroc,False,-0.01128301270198906,-0.025894385153206478,0.002906966744351935
late_fusion_stacked_minus_early_fusion@jpeg_q75,contrast,brier_score,False,0.009751955772944743,0.0026550893851377965,0.016706785098046555
late_fusion_stacked_minus_early_fusion@jpeg_q75,contrast,log_loss,False,0.006264065742118685,-0.018175651257702728,0.030110629963419115
late_fusion_stacked_minus_early_fusion@jpeg_q75,contrast,ece,False,0.059857898188356545,0.04050216934695975,0.07616120047292242
late_fusion_stacked_minus_early_fusion@jpeg_q75,contrast,fpr,False,-0.187683284457478,-0.23167155425219943,-0.14662756598240467
late_fusion_stacked_minus_early_fusion@jpeg_q75,contrast,fnr,False,0.2756598240469208,0.22873900293255134,0.32551319648093846
late_fusion_stacked_minus_early_fusion@jpeg_q75,contrast,selective_coverage,False,0.21847507331378302,0.16422287390029328,0.2712609970674487
late_fusion_stacked_minus_early_fusion@jpeg_q75,contrast,selective_accuracy,False,-0.025278744616836768,-0.056896682467925515,0.005504139647554777
late_fusion_stacked_minus_visual_calibrated@jpeg_q50,contrast,macro_f1,False,-0.1745772741341256,-0.20802797899093928,-0.1408442725955082
late_fusion_stacked_minus_visual_calibrated@jpeg_q50,contrast,balanced_accuracy,False,-0.05718475073313778,-0.0835777126099706,-0.032258064516129004
late_fusion_stacked_minus_visual_calibrated@jpeg_q50,contrast,auroc,False,-0.04214790034485427,-0.056948254658972575,-0.027777323896423338
late_fusion_stacked_minus_visual_calibrated@jpeg_q50,contrast,brier_score,False,0.06939062223691603,0.06235825416971316,0.07648457409960399
late_fusion_stacked_minus_visual_calibrated@jpeg_q50,contrast,log_loss,False,0.21242059339645658,0.17977933846795582,0.25216043371889324
late_fusion_stacked_minus_visual_calibrated@jpeg_q50,contrast,ece,False,0.2263753552960874,0.19100690195405018,0.23853958551654666
late_fusion_stacked_minus_visual_calibrated@jpeg_q50,contrast,fpr,False,-0.3519061583577712,-0.4017595307917889,-0.3020527859237536
late_fusion_stacked_minus_visual_calibrated@jpeg_q50,contrast,fnr,False,0.4662756598240469,0.4105571847507332,0.5219941348973607
late_fusion_stacked_minus_visual_calibrated@jpeg_q50,contrast,selective_coverage,False,0.6422287390029325,0.5894428152492669,0.6935483870967741
late_fusion_stacked_minus_visual_calibrated@jpeg_q50,contrast,selective_accuracy,False,-0.16616161616161618,-0.23671597245700948,-0.10052631614274389
late_fusion_stacked_minus_early_fusion@jpeg_q50,contrast,macro_f1,False,-0.12313288119000276,-0.15386926957880803,-0.09275417114372
late_fusion_stacked_minus_early_fusion@jpeg_q50,contrast,balanced_accuracy,False,-0.04398826979472137,-0.06451612903225812,-0.02346041055718473
late_fusion_stacked_minus_early_fusion@jpeg_q50,contrast,auroc,False,-0.018197297924854472,-0.0334106603830377,-0.003937444638418998
late_fusion_stacked_minus_early_fusion@jpeg_q50,contrast,brier_score,False,0.036761344129099205,0.027923082006568616,0.0456375192600214
late_fusion_stacked_minus_early_fusion@jpeg_q50,contrast,log_loss,False,0.09441110043032641,0.054429413964796274,0.13653947090675925
late_fusion_stacked_minus_early_fusion@jpeg_q50,contrast,ece,False,0.10491104547572036,0.08631496827292286,0.12302215437252186
late_fusion_stacked_minus_early_fusion@jpeg_q50,contrast,fpr,False,-0.11436950146627567,-0.15249266862170088,-0.07917888563049852
late_fusion_stacked_minus_early_fusion@jpeg_q50,contrast,fnr,False,0.2023460410557184,0.15835777126099704,0.24926686217008798
late_fusion_stacked_minus_early_fusion@jpeg_q50,contrast,selective_coverage,False,0.35630498533724336,0.30645161290322576,0.407624633431085
late_fusion_stacked_minus_early_fusion@jpeg_q50,contrast,selective_accuracy,False,-0.04569377990430623,-0.07403317449688368,-0.019555252453140694
late_fusion_stacked_minus_visual_calibrated@resize_0.5,contrast,macro_f1,False,-0.14871162369161983,-0.18287950913911072,-0.11437589728745541
late_fusion_stacked_minus_visual_calibrated@resize_0.5,contrast,balanced_accuracy,False,-0.05718475073313778,-0.08357771260997071,-0.030791788856304958
late_fusion_stacked_minus_visual_calibrated@resize_0.5,contrast,auroc,False,-0.024982585289084147,-0.036240013415777275,-0.014464959881665962
late_fusion_stacked_minus_visual_calibrated@resize_0.5,contrast,brier_score,False,0.02666669183856446,0.022999280718024217,0.030359674520139577
late_fusion_stacked_minus_visual_calibrated@resize_0.5,contrast,log_loss,False,0.06063521239917591,0.051809312090071724,0.06960088877850303
late_fusion_stacked_minus_visual_calibrated@resize_0.5,contrast,ece,False,0.136644346236873,0.09920091629494933,0.14214951630649597
late_fusion_stacked_minus_visual_calibrated@resize_0.5,contrast,fpr,False,0.49266862170087977,0.4398826979472141,0.5454545454545454
late_fusion_stacked_minus_visual_calibrated@resize_0.5,contrast,fnr,False,-0.3782991202346041,-0.4281524926686217,-0.3284457478005865
late_fusion_stacked_minus_visual_calibrated@resize_0.5,contrast,selective_coverage,False,0.36656891495601174,0.310850439882698,0.4208211143695014
late_fusion_stacked_minus_visual_calibrated@resize_0.5,contrast,selective_accuracy,False,-0.09753834735279565,-0.16666922793213665,-0.03275122549019608
late_fusion_stacked_minus_early_fusion@resize_0.5,contrast,macro_f1,False,-0.13283240879229063,-0.1627342116456202,-0.10340804402264317
late_fusion_stacked_minus_early_fusion@resize_0.5,contrast,balanced_accuracy,False,-0.04398826979472137,-0.0674486803519061,-0.021994134897360684
late_fusion_stacked_minus_early_fusion@resize_0.5,contrast,auroc,False,-0.0008943851532063896,-0.016315219167361845,0.014405405870262485
late_fusion_stacked_minus_early_fusion@resize_0.5,contrast,brier_score,False,0.008903555842911914,0.00230805109701264,0.015537733481155168
late_fusion_stacked_minus_early_fusion@resize_0.5,contrast,log_loss,False,-0.007442457277900383,-0.035392746230802394,0.01786038775684654
late_fusion_stacked_minus_early_fusion@resize_0.5,contrast,ece,False,0.07276691172092253,0.04488921656805889,0.08725331923172444
late_fusion_stacked_minus_early_fusion@resize_0.5,contrast,fpr,False,0.36070381231671556,0.3108504398826979,0.4134897360703812
late_fusion_stacked_minus_early_fusion@resize_0.5,contrast,fnr,False,-0.27272727272727276,-0.3225806451612903,-0.22580645161290322
late_fusion_stacked_minus_early_fusion@resize_0.5,contrast,selective_coverage,False,0.18621700879765396,0.1348973607038123,0.2390029325513196
late_fusion_stacked_minus_early_fusion@resize_0.5,contrast,selective_accuracy,False,-0.01718733254742255,-0.05820362953556275,0.0232415733110404
late_fusion_stacked_minus_visual_calibrated@resize_0.5_jpeg_q75,contrast,macro_f1,False,-0.1314512967459367,-0.16535325163053713,-0.0994672868818673
late_fusion_stacked_minus_visual_calibrated@resize_0.5_jpeg_q75,contrast,balanced_accuracy,False,-0.05278592375366564,-0.07917888563049846,-0.027859237536656867
late_fusion_stacked_minus_visual_calibrated@resize_0.5_jpeg_q75,contrast,auroc,False,-0.03289445395206447,-0.043635675647784145,-0.02284960569654542
late_fusion_stacked_minus_visual_calibrated@resize_0.5_jpeg_q75,contrast,brier_score,False,0.02572189495568797,0.022058992703648583,0.029542310333096674
late_fusion_stacked_minus_visual_calibrated@resize_0.5_jpeg_q75,contrast,log_loss,False,0.058024239096863606,0.049391161509842296,0.06720612936765882
late_fusion_stacked_minus_visual_calibrated@resize_0.5_jpeg_q75,contrast,ece,False,0.12912659398185983,0.09515605856031475,0.13954482392352077
late_fusion_stacked_minus_visual_calibrated@resize_0.5_jpeg_q75,contrast,fpr,False,-0.28739002932551316,-0.33724340175953077,-0.24046920821114368
late_fusion_stacked_minus_visual_calibrated@resize_0.5_jpeg_q75,contrast,fnr,False,0.3929618768328446,0.3401759530791789,0.44574780058651026
late_fusion_stacked_minus_visual_calibrated@resize_0.5_jpeg_q75,contrast,selective_coverage,False,0.3944281524926686,0.33870967741935487,0.4486803519061584
late_fusion_stacked_minus_visual_calibrated@resize_0.5_jpeg_q75,contrast,selective_accuracy,False,-0.10797607178464608,-0.18028776303385766,-0.039516659081173716
late_fusion_stacked_minus_early_fusion@resize_0.5_jpeg_q75,contrast,macro_f1,False,-0.1046618400129139,-0.1345335715950042,-0.07631891051028117
late_fusion_stacked_minus_early_fusion@resize_0.5_jpeg_q75,contrast,balanced_accuracy,False,-0.032258064516129004,-0.0542521994134898,-0.01026392961876832
late_fusion_stacked_minus_early_fusion@resize_0.5_jpeg_q75,contrast,auroc,False,-0.013897369303669582,-0.029755506058599446,0.0009719988648188651
late_fusion_stacked_minus_early_fusion@resize_0.5_jpeg_q75,contrast,brier_score,False,0.006864159948939685,-0.0002292738800926967,0.01407118395823127
late_fusion_stacked_minus_early_fusion@resize_0.5_jpeg_q75,contrast,log_loss,False,-0.005725860004548999,-0.030771799116502897,0.018006018802808593
late_fusion_stacked_minus_early_fusion@resize_0.5_jpeg_q75,contrast,ece,False,0.06478223955979732,0.03836987101351605,0.07961682949102859
late_fusion_stacked_minus_early_fusion@resize_0.5_jpeg_q75,contrast,fpr,False,-0.22287390029325513,-0.2697947214076246,-0.1788856304985337
late_fusion_stacked_minus_early_fusion@resize_0.5_jpeg_q75,contrast,fnr,False,0.28739002932551316,0.2404692082111437,0.3372434017595308
late_fusion_stacked_minus_early_fusion@resize_0.5_jpeg_q75,contrast,selective_coverage,False,0.17595307917888564,0.12023460410557185,0.23167155425219949
late_fusion_stacked_minus_early_fusion@resize_0.5_jpeg_q75,contrast,selective_accuracy,False,-0.06026365348399254,-0.09628373113238994,-0.024742988911355887
