run_directory,run_id,sample_size,seed,receipt_best_epoch,receipt_epochs_completed,receipt_best_val_macro_f1,receipt_final_macro_f1,metrics_json_macro_f1,recomputed_predictions_macro_f1,epoch_history_max_val_macro_f1,epoch_history_max_epoch_index,checkpoint_metadata_epoch,checkpoint_metadata_macro_f1,checkpoint_sha256,predictions_sha256,metrics_sha256,receipt_best_vs_final_parity,receipt_final_vs_metrics_parity,metrics_vs_predictions_parity,metrics_vs_epoch_history_parity,metrics_vs_checkpoint_parity,receipt_epoch_vs_history_parity,receipt_epoch_vs_checkpoint_parity,overall_parity_verdict
extracted_15_runs/n50_seed_42,phase4c1-stage1-n50-seed42,50,42,18,23,0.5414772029003319,0.5414772029003319,0.5414772029003319,0.5414772029003319,0.5414772029003319,18,18,0.5414772029003319,b5fa53bfc3d31f239841800e258d122217e0541130ddde4ecec0b78f1bda8f9b,46df343403ddd99f59504b0e3abd66277bd8a96bf5f1c199265f395647193de2,75d649530c0d7860083add523789c20d48f65eabb11cfe7c5cd5046b564d8a09,MATCH,MATCH,MATCH,MATCH,MATCH,MATCH,MATCH,PARITY_VERIFIED
extracted_15_runs/n50_seed_1337,phase4c1-stage1-n50-seed1337,50,1337,5,10,0.5370639534883721,0.5370639534883721,0.5370639534883721,0.5370639534883721,0.5370639534883721,5,5,0.5370639534883721,6a709a64ad1db0fddec9fec9f52b34b72303547ae51398e0a05790f9f4f007a2,97b5469fcf481747d91436c82f0549725b68e6948c6e08af5efcf6a3060afdef,3fda3be717ab65a34c68faaa5a0b4575cb07ab8b287b1111afaa9bf6267795f6,MATCH,MATCH,MATCH,MATCH,MATCH,MATCH,MATCH,PARITY_VERIFIED
extracted_15_runs/n50_seed_2025,phase4c1-stage1-n50-seed2025,50,2025,2,7,0.5382384922073215,0.5382384922073215,0.5382384922073215,0.5382384922073215,0.5382384922073215,2,2,0.5382384922073215,2827a79f2a4d27522f7a9e7f9356463b526595cd78e22c9bd3582fb84411f0f9,c7abf77d9f233089131cfa76617fded3720ee5b7519279fda5b072d29c7612ed,38234c80f2a0355fc7a3595bdff5d68b9234c55799a4f5ac8e433aca4f66a968,MATCH,MATCH,MATCH,MATCH,MATCH,MATCH,MATCH,PARITY_VERIFIED
extracted_15_runs/n50_seed_3407,phase4c1-stage1-n50-seed3407,50,3407,3,8,0.5059343434343435,0.5059343434343435,0.5059343434343435,0.5059343434343435,0.5059343434343435,3,3,0.5059343434343435,575240ac664eb1680d1bea2d16a17725a1287a986c4ebd6bc28cd710e0a19b76,67a42cf344a991d6fae4b88ee6d093b9ac212962599876cfd0c9f8201fb4296b,ae5ef9c9d3827f6641c412fd59d22bde7c50d75141481b6de07b16efa8f4da38,MATCH,MATCH,MATCH,MATCH,MATCH,MATCH,MATCH,PARITY_VERIFIED
extracted_15_runs/n50_seed_9001,phase4c1-stage1-n50-seed9001,50,9001,2,7,0.5384057971014493,0.5384057971014493,0.5384057971014493,0.5384057971014493,0.5384057971014493,2,2,0.5384057971014493,1f74b9dfa222002ed0517cb8370cce2afdca4f8912ff7403620b8eb9d5c8f6d2,7e8362156e6f69897f48db88fecd59fe4426d52976ce257a3e47e012908261cc,915e81c0ca5a07824d65c8aa6e5b408552b1de61e554d8841d7135c640824c49,MATCH,MATCH,MATCH,MATCH,MATCH,MATCH,MATCH,PARITY_VERIFIED
extracted_15_runs/n100_seed_42,phase4c1-stage1-n100-seed42,100,42,7,12,0.577313286884244,0.577313286884244,0.577313286884244,0.577313286884244,0.577313286884244,7,7,0.577313286884244,65617b42d8f178d4cdf72e0ad8825083467fc41a8bb763b1217d3bc1436810fc,b08bc0230c9ba40105f56e817aed8bf2794df1e834bd4cdf20a4ece596c7e7f2,cc5e7ff5f51ee492d23b7c1272c6bbe1eeb630af76a31e4d73ca2fee06851e66,MATCH,MATCH,MATCH,MATCH,MATCH,MATCH,MATCH,PARITY_VERIFIED
extracted_15_runs/n100_seed_1337,phase4c1-stage1-n100-seed1337,100,1337,14,19,0.565816095425034,0.565816095425034,0.565816095425034,0.565816095425034,0.565816095425034,14,14,0.565816095425034,5a9f04bc87b169740f6c83f28777435faeaf0cdd8696effbd1d2c9ddf9de4d1d,37adfd971ba0ba9788dcc6406615d29a9e526a0b889e6050ab66dbc7352a8dc9,1913d6733425b2ef8e86c2447187138980c01e4e7e5cd4e86e1dddf989c71877,MATCH,MATCH,MATCH,MATCH,MATCH,MATCH,MATCH,PARITY_VERIFIED
extracted_15_runs/n100_seed_2025,phase4c1-stage1-n100-seed2025,100,2025,6,11,0.5740296057630931,0.5740296057630931,0.5740296057630931,0.5740296057630931,0.5740296057630931,6,6,0.5740296057630931,ce3b5e0b91b972f05f3447d89f714c2506d0b7186daaf6b645e5b468972d92aa,d22363a90bed63bc4841489ac3a654612a7b7702c400b2ce89c9740ee7289f55,6df3d38cdb7bc448ba64e4c8ee374c24048dce8e497ea4f370bcdfe250837169,MATCH,MATCH,MATCH,MATCH,MATCH,MATCH,MATCH,PARITY_VERIFIED
extracted_15_runs/n100_seed_3407,phase4c1-stage1-n100-seed3407,100,3407,7,12,0.5701308139534884,0.5701308139534884,0.5701308139534884,0.5701308139534884,0.5701308139534884,7,7,0.5701308139534884,78dd4949c37a9c171434bd979b18ee2a69e297f4d14a24ef0bdf01cc501cfe50,d2dfc43be975c6ec59d9a1075d519dbf14a8b4a6d3720b08a1ec50152ad50133,66f9e1c62623b4766cce39f4701a0e989e11eb8875a0df1dab0812273f5cbc81,MATCH,MATCH,MATCH,MATCH,MATCH,MATCH,MATCH,PARITY_VERIFIED
extracted_15_runs/n100_seed_9001,phase4c1-stage1-n100-seed9001,100,9001,6,11,0.5766035227650382,0.5766035227650382,0.5766035227650382,0.5766035227650382,0.5766035227650382,6,6,0.5766035227650382,24da001f5fbaae503ee254140b2046a6ce1f7d0d8d094b693dd33a91afec4ade,fc04db746e74057e199b45f8390dc2b8c8208bc80388d6dc0165e5474a19ebf4,ff2c520ca361b7c96b574353245651fc893584fe815278fea9d970dc0b571215,MATCH,MATCH,MATCH,MATCH,MATCH,MATCH,MATCH,PARITY_VERIFIED
extracted_15_runs/n250_seed_42,phase4c1-stage1-n250-seed42,250,42,6,11,0.5769103040183559,0.5769103040183559,0.5769103040183559,0.5769103040183559,0.5769103040183559,6,6,0.5769103040183559,c941f42ed00adb098962ddb43c0f2f7d897e48e20957cddc0c491243f8730c92,199d7e5ce208ff91e276060264ed0138b42b294be0a52b585504d23364f3fb31,023ee9807ecbe022ef17e06bc7f7a9c937ec2eb3106e1cc8993a465f2e0b8635,MATCH,MATCH,MATCH,MATCH,MATCH,MATCH,MATCH,PARITY_VERIFIED
extracted_15_runs/n250_seed_1337,phase4c1-stage1-n250-seed1337,250,1337,5,10,0.5473214285714285,0.5473214285714285,0.5473214285714285,0.5473214285714285,0.5473214285714285,5,5,0.5473214285714285,69e706f9062f050ccbfd2affb72d63d5dde9d12f02c1e64c762b0ea6719073f1,ae80c8fa92b438a276b25ea745c7f8b9933e8eb2e0c2117aa3e1ccef0cbdf86a,3f5c3b687e833ffe8b41d7437051efa1d57738ee966ff3b2a03f0aa44b7aad7c,MATCH,MATCH,MATCH,MATCH,MATCH,MATCH,MATCH,PARITY_VERIFIED
extracted_15_runs/n250_seed_2025,phase4c1-stage1-n250-seed2025,250,2025,5,10,0.5449297731131347,0.5449297731131347,0.5449297731131347,0.5449297731131347,0.5449297731131347,5,5,0.5449297731131347,92ce5ee986d487fdf14374842067d0684fc7669f5ecb32c7d603f6813942ceee,f013767e11d48003a27a66bf4aa1fb378b325bf145b5b263f268c8400f11dd44,aeb49f2d637e4d87c4cd94eccb9766bbd41d9e8209f12d51c3c1f6651f9ccb32,MATCH,MATCH,MATCH,MATCH,MATCH,MATCH,MATCH,PARITY_VERIFIED
extracted_15_runs/n250_seed_3407,phase4c1-stage1-n250-seed3407,250,3407,4,9,0.583371486127644,0.583371486127644,0.583371486127644,0.583371486127644,0.583371486127644,4,4,0.583371486127644,4897821ef0a97df9f1c51acde8d4ac01d383aa3a7b9e7ee55bbc3b3108847868,fef0997494a8f27145c9af3871bd7688b48419f8437fbfb4347a7744676a1a8a,230b9cb065c1ccd2f1fbabb5aae2a8bbfb5b51ae3937f11656e04ab6b98972d4,MATCH,MATCH,MATCH,MATCH,MATCH,MATCH,MATCH,PARITY_VERIFIED
extracted_15_runs/n250_seed_9001,phase4c1-stage1-n250-seed9001,250,9001,6,11,0.561038961038961,0.561038961038961,0.561038961038961,0.561038961038961,0.561038961038961,6,6,0.561038961038961,5f0f8803adcb7eec88d47e398ef8b2002b46e740c263b12abc2ba392822a91c3,0db4872bbf8713beb2c4fbe497a96e3e68e6da1289d5562dd74de05a1ad70c22,a7983b8a16874c12f9182ed4ac4f179db23045dade200d6eb3a3fde8564a6d45,MATCH,MATCH,MATCH,MATCH,MATCH,MATCH,MATCH,PARITY_VERIFIED
