condition,recipe,macro_f1,balanced_accuracy,auroc,brier_score,log_loss,ece,fpr,fnr,selective_coverage,selective_accuracy,high_confidence_error_rate,high_confidence_errors,tn,fp,fn,tp,samples,macro_f1_ci_lower,macro_f1_ci_upper,brier_score_ci_lower,brier_score_ci_upper,ece_ci_lower,ece_ci_upper,auroc_ci_lower,auroc_ci_upper
original,visual_calibrated,0.5786997277,0.5791788856,0.6058169434,0.242232189,0.6778376118,0.0101813161,0.3870967742,0.4545454545,0.1348973607,0.6630434783,0.04545454545,31,209,132,155,186,682,0.5545418202,0.6025358976,0.2383085969,0.2461142606,0.01112673837,0.04725604192,0.5846782793,0.6286585943
original,late_fusion_original,0.6025974305,0.6026392962,0.6248742271,0.238609914,0.6700263383,0.04260778529,0.3870967742,0.4076246334,0.1876832845,0.671875,0.06158357771,42,209,132,139,202,682,0.5787775174,0.627023908,0.2343700654,0.2428894784,0.02083542435,0.07502878926,0.6038723007,0.6484036515
original,late_fusion_dsp_augmented,0.5776544962,0.57771261,0.6066683293,0.2417900616,0.6767335533,0.01453559208,0.4340175953,0.4105571848,0.1231671554,0.6547619048,0.04252199413,29,193,148,140,201,682,0.5551206784,0.5997058842,0.2380222699,0.2455264541,0.01183760683,0.04631598209,0.5854851609,0.6295955487
jpeg_q95,visual_calibrated,0.5787795121,0.5791788856,0.6053697509,0.242274869,0.6779275171,0.01226367622,0.3900293255,0.4516129032,0.137829912,0.670212766,0.04545454545,31,208,133,154,187,682,0.5542176964,0.6026179373,0.2383573323,0.2461456163,0.01151420428,0.04827071119,0.5843340701,0.6281421728
jpeg_q95,late_fusion_original,0.5939109949,0.5953079179,0.6139954077,0.2409481817,0.6750259902,0.0462144846,0.3460410557,0.4633431085,0.1862170088,0.6692913386,0.06158357771,42,223,118,158,183,682,0.568971728,0.61886353,0.2367721868,0.2451725214,0.02402405201,0.07754218026,0.593191923,0.6367852444
jpeg_q95,late_fusion_dsp_augmented,0.5850359588,0.5850439883,0.6068403265,0.2418488584,0.6768636156,0.01475759083,0.4193548387,0.4105571848,0.1260997067,0.6395348837,0.04545454545,31,198,143,140,201,682,0.5615826351,0.6084033685,0.2380927486,0.2455912327,0.01124706464,0.04835961021,0.5855038656,0.6297851756
jpeg_q75,visual_calibrated,0.580125197,0.5806451613,0.6045527644,0.2422025002,0.6777456945,0.01330409414,0.3841642229,0.4545454545,0.1319648094,0.6888888889,0.04105571848,28,210,131,155,186,682,0.5557094961,0.6039833335,0.2383157431,0.2460284759,0.01180957846,0.04835359282,0.583371316,0.6274199998
jpeg_q75,late_fusion_original,0.4401056539,0.5278592375,0.5795443796,0.2738622178,0.7584591482,0.1637178597,0.07624633431,0.8680351906,0.5894428152,0.5597014925,0.2595307918,177,315,26,296,45,682,0.4138044333,0.4655159283,0.2683152156,0.2794770044,0.1515914634,0.1763048285,0.5640553917,0.5969165212
jpeg_q75,late_fusion_dsp_augmented,0.5763975155,0.57771261,0.6058599427,0.2419096598,0.6769642849,0.01795209351,0.366568915,0.4780058651,0.1290322581,0.6590909091,0.04398826979,30,216,125,163,178,682,0.5533880196,0.5999309869,0.2381694333,0.2456400812,0.01319663174,0.04953818773,0.5846176503,0.6286239798
jpeg_q50,visual_calibrated,0.5771890095,0.57771261,0.607588514,0.24178954,0.676879372,0.01676306238,0.3870967742,0.4574780059,0.1319648094,0.6888888889,0.04105571848,28,209,132,156,185,682,0.5536995101,0.6010048868,0.2379161992,0.2455789617,0.01207177429,0.0489666152,0.5865188638,0.6302321531
jpeg_q50,late_fusion_original,0.4026117354,0.5205278592,0.5654406137,0.3111801623,0.8892999654,0.2431384177,0.03519061584,0.9237536657,0.7741935484,0.5227272727,0.3695014663,252,329,12,315,26,682,0.3798290419,0.4263845495,0.303612842,0.3186251513,0.2305847429,0.2585733762,0.5521020201,0.580602162
jpeg_q50,late_fusion_dsp_augmented,0.5762186739,0.5791788856,0.6078723093,0.2419040228,0.6770046638,0.02271046644,0.3372434018,0.504398827,0.142228739,0.6597938144,0.04838709677,33,226,115,172,169,682,0.5539388775,0.5991289622,0.2381477503,0.245610129,0.01898469897,0.05006023937,0.5865526182,0.630481979
resize_0.5,visual_calibrated,0.5786997277,0.5791788856,0.605601947,0.2422162684,0.6777898461,0.01193162592,0.3870967742,0.4545454545,0.137829912,0.670212766,0.04545454545,31,209,132,155,186,682,0.5541908571,0.6032320621,0.2383264813,0.2460515584,0.01137236174,0.04770061016,0.5845056372,0.6285635658
resize_0.5,late_fusion_original,0.429988104,0.5219941349,0.5806193617,0.2688829602,0.7384250585,0.1485759722,0.8797653959,0.07624633431,0.504398827,0.5726744186,0.215542522,147,41,300,26,315,682,0.4048065388,0.4549905419,0.264213551,0.2735066752,0.13777887,0.1619459205,0.5634796312,0.5990578856
resize_0.5,late_fusion_dsp_augmented,0.568781453,0.568914956,0.6041743707,0.2423074224,0.6778643978,0.014549994,0.4486803519,0.4134897361,0.1275659824,0.6551724138,0.04398826979,30,188,153,141,200,682,0.5453919924,0.5923438145,0.2385379942,0.2460216723,0.01200667748,0.04891116216,0.5831545996,0.6269396978
resize_0.5_jpeg_q75,visual_calibrated,0.581455442,0.582111437,0.6057653443,0.2419753643,0.6772391475,0.01606728232,0.3782991202,0.4574780059,0.1246334311,0.6588235294,0.04252199413,29,212,129,156,185,682,0.5581484949,0.6050411303,0.2381281003,0.2457401396,0.01151038878,0.04929175061,0.5851168721,0.6282025868
resize_0.5_jpeg_q75,late_fusion_original,0.4500041453,0.5293255132,0.5728708903,0.2676972593,0.7352633866,0.1451938763,0.09090909091,0.8504398827,0.5190615836,0.5508474576,0.2331378299,159,310,31,290,51,682,0.4239317688,0.4764193444,0.262941722,0.2724780376,0.1344176627,0.1595962052,0.5560484946,0.5910767881
resize_0.5_jpeg_q75,late_fusion_dsp_augmented,0.5832295038,0.5850439883,0.6060319399,0.2419384737,0.6770487956,0.0260001701,0.348973607,0.4809384164,0.1187683284,0.6419753086,0.04252199413,29,222,119,164,177,682,0.5597368792,0.6071305029,0.2381866641,0.245569033,0.01404211353,0.05856370705,0.5849786294,0.6284102734
