recipe,condition,outer_fold,class,n,mean_delta_fusion_logit,mean_delta_visual_term,mean_delta_dsp_term
late_fusion_original,jpeg_q95,0,all,138,-0.04253027521,-0.002186388889,-0.04034388633
late_fusion_original,jpeg_q95,0,authentic,69,-0.03236099071,-0.001239239647,-0.03112175106
late_fusion_original,jpeg_q95,0,ai_edited,69,-0.05269955972,-0.003133538132,-0.04956602159
late_fusion_original,jpeg_q95,1,all,136,-0.04915501444,-0.002186606442,-0.04696840799
late_fusion_original,jpeg_q95,1,authentic,68,-0.03634926047,-0.001969787984,-0.03437947249
late_fusion_original,jpeg_q95,1,ai_edited,68,-0.0619607684,-0.0024034249,-0.0595573435
late_fusion_original,jpeg_q95,2,all,136,-0.07136934418,-0.004362925662,-0.06700641851
late_fusion_original,jpeg_q95,2,authentic,68,-0.0566183429,-0.004226657097,-0.0523916858
late_fusion_original,jpeg_q95,2,ai_edited,68,-0.08612034546,-0.004499194227,-0.08162115123
late_fusion_original,jpeg_q95,3,all,136,-0.01924552417,-0.003339244977,-0.01590627919
late_fusion_original,jpeg_q95,3,authentic,68,-0.01431178366,-0.00285071464,-0.01146106902
late_fusion_original,jpeg_q95,3,ai_edited,68,-0.02417926468,-0.003827775313,-0.02035148936
late_fusion_original,jpeg_q95,4,all,136,-0.04363089177,-0.002522273766,-0.041108618
late_fusion_original,jpeg_q95,4,authentic,68,-0.03189110019,-0.002258445046,-0.02963265514
late_fusion_original,jpeg_q95,4,ai_edited,68,-0.05537068335,-0.002786102486,-0.05258458086
late_fusion_original,jpeg_q95,all,all,682,-0.04517842129,-0.002917338097,-0.04226108319
late_fusion_original,jpeg_q95,all,authentic,341,-0.03430059088,-0.002505245337,-0.03179534554
late_fusion_original,jpeg_q95,all,ai_edited,341,-0.0560562517,-0.003329430857,-0.05272682084
late_fusion_original,jpeg_q75,0,all,138,-0.6875493928,-0.003887192156,-0.6836622007
late_fusion_original,jpeg_q75,0,authentic,69,-0.6682888459,-0.00366368725,-0.6646251587
late_fusion_original,jpeg_q75,0,ai_edited,69,-0.7068099397,-0.004110697063,-0.7026992426
late_fusion_original,jpeg_q75,1,all,136,-0.8775614796,-0.002540096311,-0.8750213833
late_fusion_original,jpeg_q75,1,authentic,68,-0.8530595285,-0.00169273021,-0.8513667983
late_fusion_original,jpeg_q75,1,ai_edited,68,-0.9020634308,-0.003387462413,-0.8986759683
late_fusion_original,jpeg_q75,2,all,136,-1.078482417,-0.01010276937,-1.068379647
late_fusion_original,jpeg_q75,2,authentic,68,-1.037661358,-0.009829597572,-1.02783176
late_fusion_original,jpeg_q75,2,ai_edited,68,-1.119303475,-0.01037594116,-1.108927534
late_fusion_original,jpeg_q75,3,all,136,-0.2862407432,-0.006016313341,-0.2802244298
late_fusion_original,jpeg_q75,3,authentic,68,-0.278192025,-0.005419581433,-0.2727724436
late_fusion_original,jpeg_q75,3,ai_edited,68,-0.2942894613,-0.00661304525,-0.287676416
late_fusion_original,jpeg_q75,4,all,136,-0.6685235382,-0.006074793582,-0.6624487446
late_fusion_original,jpeg_q75,4,authentic,68,-0.6434371834,-0.004597480265,-0.6388397031
late_fusion_original,jpeg_q75,4,ai_edited,68,-0.693609893,-0.007552106899,-0.6860577861
late_fusion_original,jpeg_q75,all,all,682,-0.7195773143,-0.005718845735,-0.7138584686
late_fusion_original,jpeg_q75,all,authentic,341,-0.696046149,-0.005036577433,-0.6910095716
late_fusion_original,jpeg_q75,all,ai_edited,341,-0.7431084796,-0.006401114037,-0.7367073656
late_fusion_original,jpeg_q50,0,all,138,-1.202397941,-0.001823147169,-1.200574794
late_fusion_original,jpeg_q50,0,authentic,69,-1.191239144,-0.002000468866,-1.189238675
late_fusion_original,jpeg_q50,0,ai_edited,69,-1.213556739,-0.001645825472,-1.211910913
late_fusion_original,jpeg_q50,1,all,136,-1.639192546,-0.002533544079,-1.636659002
late_fusion_original,jpeg_q50,1,authentic,68,-1.632884591,-0.004048496071,-1.628836095
late_fusion_original,jpeg_q50,1,ai_edited,68,-1.645500501,-0.001018592086,-1.644481909
late_fusion_original,jpeg_q50,2,all,136,-1.447508612,-0.01197227816,-1.435536334
late_fusion_original,jpeg_q50,2,authentic,68,-1.363535298,-0.01156196285,-1.351973335
late_fusion_original,jpeg_q50,2,ai_edited,68,-1.531481926,-0.01238259347,-1.519099333
late_fusion_original,jpeg_q50,3,all,136,-0.4695102032,-0.006150130836,-0.4633600723
late_fusion_original,jpeg_q50,3,authentic,68,-0.4613621264,-0.005556926445,-0.4558052
late_fusion_original,jpeg_q50,3,ai_edited,68,-0.4776582799,-0.006743335226,-0.4709149447
late_fusion_original,jpeg_q50,4,all,136,-1.14484869,-0.009748248474,-1.135100441
late_fusion_original,jpeg_q50,4,authentic,68,-1.131427315,-0.009536612461,-1.121890702
late_fusion_original,jpeg_q50,4,ai_edited,68,-1.158270064,-0.009959884487,-1.14831018
late_fusion_original,jpeg_q50,all,all,682,-1.180755253,-0.006431914546,-1.174323339
late_fusion_original,jpeg_q50,all,authentic,341,-1.156192772,-0.006527578311,-1.149665194
late_fusion_original,jpeg_q50,all,ai_edited,341,-1.205317734,-0.00633625078,-1.198981484
late_fusion_original,resize_0.5,0,all,138,0.5986960626,0.004267098757,0.5944289638
late_fusion_original,resize_0.5,0,authentic,69,0.6331845348,0.004909114673,0.6282754202
late_fusion_original,resize_0.5,0,ai_edited,69,0.5642075903,0.003625082841,0.5605825075
late_fusion_original,resize_0.5,1,all,136,0.8030412025,-0.0002275608641,0.8032687633
late_fusion_original,resize_0.5,1,authentic,68,0.847627249,-0.00109544205,0.8487226911
late_fusion_original,resize_0.5,1,ai_edited,68,0.7584551559,0.0006403203213,0.7578148356
late_fusion_original,resize_0.5,2,all,136,0.8806774509,-0.002952346177,0.8836297971
late_fusion_original,resize_0.5,2,authentic,68,0.918413582,-0.003421042817,0.9218346249
late_fusion_original,resize_0.5,2,ai_edited,68,0.8429413198,-0.002483649538,0.8454249694
late_fusion_original,resize_0.5,3,all,136,0.2396434769,-0.002440606696,0.2420840836
late_fusion_original,resize_0.5,3,authentic,68,0.2541611941,-0.001737048639,0.2558982428
late_fusion_original,resize_0.5,3,ai_edited,68,0.2251257598,-0.003144164753,0.2282699245
late_fusion_original,resize_0.5,4,all,136,0.6459803328,-0.0007307182728,0.646711051
late_fusion_original,resize_0.5,4,authentic,68,0.6817893709,0.000139742235,0.6816496287
late_fusion_original,resize_0.5,4,ai_edited,68,0.6101712946,-0.001601178781,0.6117724734
late_fusion_original,resize_0.5,all,all,682,0.633505325,-0.0004030907989,0.6339084158
late_fusion_original,resize_0.5,all,authentic,341,0.6669359174,-0.0002258325335,0.66716175
late_fusion_original,resize_0.5,all,ai_edited,341,0.6000747325,-0.0005803490643,0.6006550816
late_fusion_original,resize_0.5_jpeg_q75,0,all,138,-0.5812605829,-0.001317531419,-0.5799430515
late_fusion_original,resize_0.5_jpeg_q75,0,authentic,69,-0.5488458637,-0.001613774407,-0.5472320892
late_fusion_original,resize_0.5_jpeg_q75,0,ai_edited,69,-0.6136753022,-0.001021288431,-0.6126540138
late_fusion_original,resize_0.5_jpeg_q75,1,all,136,-0.7321399455,0.002917430452,-0.735057376
late_fusion_original,resize_0.5_jpeg_q75,1,authentic,68,-0.6926897731,-0.0002241631438,-0.6924656099
late_fusion_original,resize_0.5_jpeg_q75,1,ai_edited,68,-0.771590118,0.006059024048,-0.777649142
late_fusion_original,resize_0.5_jpeg_q75,2,all,136,-0.9092016457,-0.02130816623,-0.8878934795
late_fusion_original,resize_0.5_jpeg_q75,2,authentic,68,-0.8560297947,-0.01957221141,-0.8364575833
late_fusion_original,resize_0.5_jpeg_q75,2,ai_edited,68,-0.9623734967,-0.02304412105,-0.9393293757
late_fusion_original,resize_0.5_jpeg_q75,3,all,136,-0.2624489577,-0.01609970062,-0.2463492571
late_fusion_original,resize_0.5_jpeg_q75,3,authentic,68,-0.2447335535,-0.01129797804,-0.2334355754
late_fusion_original,resize_0.5_jpeg_q75,3,ai_edited,68,-0.280164362,-0.0209014232,-0.2592629388
late_fusion_original,resize_0.5_jpeg_q75,4,all,136,-0.6021525043,-0.018460481,-0.5836920233
late_fusion_original,resize_0.5_jpeg_q75,4,authentic,68,-0.5675045258,-0.01949750263,-0.5480070232
late_fusion_original,resize_0.5_jpeg_q75,4,ai_edited,68,-0.6368004828,-0.01742345937,-0.6193770234
late_fusion_original,resize_0.5_jpeg_q75,all,all,682,-0.6173346271,-0.01082572449,-0.6065089026
late_fusion_original,resize_0.5_jpeg_q75,all,authentic,341,-0.5818635912,-0.01041523926,-0.5714483519
late_fusion_original,resize_0.5_jpeg_q75,all,ai_edited,341,-0.652805663,-0.01123620972,-0.6415694533
late_fusion_dsp_augmented,jpeg_q95,0,all,138,-0.005260297549,-0.002258265489,-0.00300203206
late_fusion_dsp_augmented,jpeg_q95,0,authentic,69,-0.004299130264,-0.001279979121,-0.003019151144
late_fusion_dsp_augmented,jpeg_q95,0,ai_edited,69,-0.006221464834,-0.003236551858,-0.002984912976
late_fusion_dsp_augmented,jpeg_q95,1,all,136,-0.004206267234,-0.002222396691,-0.001983870542
late_fusion_dsp_augmented,jpeg_q95,1,authentic,68,-0.004009885752,-0.002002029361,-0.002007856391
late_fusion_dsp_augmented,jpeg_q95,1,ai_edited,68,-0.004402648715,-0.002442764022,-0.001959884693
late_fusion_dsp_augmented,jpeg_q95,2,all,136,-0.008319239546,-0.00440767441,-0.003911565136
late_fusion_dsp_augmented,jpeg_q95,2,authentic,68,-0.008108756477,-0.004270008194,-0.003838748284
late_fusion_dsp_augmented,jpeg_q95,2,ai_edited,68,-0.008529722615,-0.004545340627,-0.003984381989
late_fusion_dsp_augmented,jpeg_q95,3,all,136,-0.006236849808,-0.003415889716,-0.002820960092
late_fusion_dsp_augmented,jpeg_q95,3,authentic,68,-0.005429304562,-0.002916146282,-0.00251315828
late_fusion_dsp_augmented,jpeg_q95,3,ai_edited,68,-0.007044395053,-0.00391563315,-0.003128761904
late_fusion_dsp_augmented,jpeg_q95,4,all,136,-0.004151124512,-0.002611779057,-0.001539345455
late_fusion_dsp_augmented,jpeg_q95,4,authentic,68,-0.003666804946,-0.002338588124,-0.001328216823
late_fusion_dsp_augmented,jpeg_q95,4,ai_edited,68,-0.004635444078,-0.002884969991,-0.001750474087
late_fusion_dsp_augmented,jpeg_q95,all,all,682,-0.005633657612,-0.002981075162,-0.00265258245
late_fusion_dsp_augmented,jpeg_q95,all,authentic,341,-0.005100419667,-0.00255759253,-0.002542827137
late_fusion_dsp_augmented,jpeg_q95,all,ai_edited,341,-0.006166895557,-0.003404557794,-0.002762337763
late_fusion_dsp_augmented,jpeg_q75,0,all,138,-0.0565808535,-0.004014981937,-0.05256587156
late_fusion_dsp_augmented,jpeg_q75,0,authentic,69,-0.05669711243,-0.003784129402,-0.05291298303
late_fusion_dsp_augmented,jpeg_q75,0,ai_edited,69,-0.05646459456,-0.004245834472,-0.05221876009
late_fusion_dsp_augmented,jpeg_q75,1,all,136,-0.04656111297,-0.002581672462,-0.0439794405
late_fusion_dsp_augmented,jpeg_q75,1,authentic,68,-0.04641070091,-0.001720436721,-0.04469026418
late_fusion_dsp_augmented,jpeg_q75,1,ai_edited,68,-0.04671152503,-0.003442908204,-0.04326861682
late_fusion_dsp_augmented,jpeg_q75,2,all,136,-0.07955833641,-0.01020638935,-0.06935194706
late_fusion_dsp_augmented,jpeg_q75,2,authentic,68,-0.07727318954,-0.009930415743,-0.0673427738
late_fusion_dsp_augmented,jpeg_q75,2,ai_edited,68,-0.08184348329,-0.01048236296,-0.07136112033
late_fusion_dsp_augmented,jpeg_q75,3,all,136,-0.07179258014,-0.006154404068,-0.06563817607
late_fusion_dsp_augmented,jpeg_q75,3,authentic,68,-0.07123512849,-0.005543975542,-0.06569115294
late_fusion_dsp_augmented,jpeg_q75,3,ai_edited,68,-0.07235003179,-0.006764832594,-0.0655851992
late_fusion_dsp_augmented,jpeg_q75,4,all,136,-0.03386583824,-0.006290363429,-0.02757547482
late_fusion_dsp_augmented,jpeg_q75,4,authentic,68,-0.0319501754,-0.004760626239,-0.02718954916
late_fusion_dsp_augmented,jpeg_q75,4,ai_edited,68,-0.03578150109,-0.007820100619,-0.02796140047
late_fusion_dsp_augmented,jpeg_q75,all,all,682,-0.05766854516,-0.005844182249,-0.05182436291
late_fusion_dsp_augmented,jpeg_q75,all,authentic,341,-0.056713214,-0.005143917353,-0.05156929664
late_fusion_dsp_augmented,jpeg_q75,all,ai_edited,341,-0.05862387632,-0.006544447144,-0.05207942918
late_fusion_dsp_augmented,jpeg_q50,0,all,138,-0.1078306423,-0.001883082353,-0.1059475599
late_fusion_dsp_augmented,jpeg_q50,0,authentic,69,-0.1097897974,-0.002066233425,-0.107723564
late_fusion_dsp_augmented,jpeg_q50,0,ai_edited,69,-0.1058714872,-0.00169993128,-0.1041715559
late_fusion_dsp_augmented,jpeg_q50,1,all,136,-0.08937917723,-0.002575012983,-0.08680416425
late_fusion_dsp_augmented,jpeg_q50,1,authentic,68,-0.09222122536,-0.004114761623,-0.08810646373
late_fusion_dsp_augmented,jpeg_q50,1,ai_edited,68,-0.08653712911,-0.001035264343,-0.08550186477
late_fusion_dsp_augmented,jpeg_q50,2,all,136,-0.1187861905,-0.01209507293,-0.1066911175
late_fusion_dsp_augmented,jpeg_q50,2,authentic,68,-0.1161204684,-0.01168054919,-0.1044399192
late_fusion_dsp_augmented,jpeg_q50,2,ai_edited,68,-0.1214519126,-0.01250959668,-0.1089423159
late_fusion_dsp_augmented,jpeg_q50,3,all,136,-0.1254560134,-0.006291293037,-0.1191647203
late_fusion_dsp_augmented,jpeg_q50,3,authentic,68,-0.1246336244,-0.005684472995,-0.1189491514
late_fusion_dsp_augmented,jpeg_q50,3,ai_edited,68,-0.1262784023,-0.006898113079,-0.1193802893
late_fusion_dsp_augmented,jpeg_q50,4,all,136,-0.06045145692,-0.01009417437,-0.05035728255
late_fusion_dsp_augmented,jpeg_q50,4,authentic,68,-0.06051830399,-0.009875028255,-0.05064327573
late_fusion_dsp_augmented,jpeg_q50,4,ai_edited,68,-0.06038460985,-0.01031332049,-0.05007128936
late_fusion_dsp_augmented,jpeg_q50,all,all,682,-0.1004025434,-0.006573930524,-0.09382861288
late_fusion_dsp_augmented,jpeg_q50,all,authentic,341,-0.1006834672,-0.006670666647,-0.09401280058
late_fusion_dsp_augmented,jpeg_q50,all,ai_edited,341,-0.1001216196,-0.006477194401,-0.09364442518
late_fusion_dsp_augmented,resize_0.5,0,all,138,0.01090886375,0.004407377805,0.006501485942
late_fusion_dsp_augmented,resize_0.5,0,authentic,69,0.0128529502,0.005070499719,0.007782450478
late_fusion_dsp_augmented,resize_0.5,0,ai_edited,69,0.008964777296,0.00374425589,0.005220521406
late_fusion_dsp_augmented,resize_0.5,1,all,136,0.01492316963,-0.0002312855673,0.0151544552
late_fusion_dsp_augmented,resize_0.5,1,authentic,68,0.01596355241,-0.001113372182,0.01707692459
late_fusion_dsp_augmented,resize_0.5,1,ai_edited,68,0.01388278686,0.0006508010477,0.01323198581
late_fusion_dsp_augmented,resize_0.5,2,all,136,0.01351574105,-0.002982627187,0.01649836823
late_fusion_dsp_augmented,resize_0.5,2,authentic,68,0.0167081458,-0.003456131057,0.02016427685
late_fusion_dsp_augmented,resize_0.5,2,ai_edited,68,0.01032333629,-0.002509123317,0.01283245961
late_fusion_dsp_augmented,resize_0.5,3,all,136,0.01393360145,-0.002496625246,0.0164302267
late_fusion_dsp_augmented,resize_0.5,3,authentic,68,0.01710070806,-0.001776918622,0.01887762668
late_fusion_dsp_augmented,resize_0.5,3,ai_edited,68,0.01076649484,-0.003216331871,0.01398282671
late_fusion_dsp_augmented,resize_0.5,4,all,136,0.007832392089,-0.000756648508,0.008589040597
late_fusion_dsp_augmented,resize_0.5,4,authentic,68,0.009691306252,0.0001447011215,0.009546605131
late_fusion_dsp_augmented,resize_0.5,4,ai_edited,68,0.005973477927,-0.001657998138,0.007631476064
late_fusion_dsp_augmented,resize_0.5,all,all,682,0.01221890054,-0.0003978287803,0.01261672932
late_fusion_dsp_augmented,resize_0.5,all,authentic,341,0.01445861001,-0.0002107112306,0.01466932125
late_fusion_dsp_augmented,resize_0.5,all,ai_edited,341,0.009979191072,-0.0005849463299,0.0105641374
late_fusion_dsp_augmented,resize_0.5_jpeg_q75,0,all,138,-0.04554149875,-0.001360844701,-0.04418065404
late_fusion_dsp_augmented,resize_0.5_jpeg_q75,0,authentic,69,-0.04533509662,-0.001666826551,-0.04366827007
late_fusion_dsp_augmented,resize_0.5_jpeg_q75,0,ai_edited,69,-0.04574790087,-0.001054862851,-0.04469303802
late_fusion_dsp_augmented,resize_0.5_jpeg_q75,1,all,136,-0.02407092022,0.002965182787,-0.02703610301
late_fusion_dsp_augmented,resize_0.5_jpeg_q75,1,authentic,68,-0.02639787468,-0.0002278322333,-0.02617004245
late_fusion_dsp_augmented,resize_0.5_jpeg_q75,1,ai_edited,68,-0.02174396577,0.006158197807,-0.02790216357
late_fusion_dsp_augmented,resize_0.5_jpeg_q75,2,all,136,-0.08285908044,-0.0215267154,-0.06133236505
late_fusion_dsp_augmented,resize_0.5_jpeg_q75,2,authentic,68,-0.07736588543,-0.0197729556,-0.05759292983
late_fusion_dsp_augmented,resize_0.5_jpeg_q75,2,ai_edited,68,-0.08835227546,-0.0232804752,-0.06507180026
late_fusion_dsp_augmented,resize_0.5_jpeg_q75,3,all,136,-0.07841825399,-0.01646923246,-0.06194902153
late_fusion_dsp_augmented,resize_0.5_jpeg_q75,3,authentic,68,-0.07189122675,-0.01155729731,-0.06033392944
late_fusion_dsp_augmented,resize_0.5_jpeg_q75,3,ai_edited,68,-0.08494528124,-0.02138116761,-0.06356411363
late_fusion_dsp_augmented,resize_0.5_jpeg_q75,4,all,136,-0.04321736006,-0.01911556879,-0.02410179127
late_fusion_dsp_augmented,resize_0.5_jpeg_q75,4,authentic,68,-0.04323622563,-0.02018939012,-0.02304683551
late_fusion_dsp_augmented,resize_0.5_jpeg_q75,4,ai_edited,68,-0.04319849449,-0.01804174746,-0.02515674703
late_fusion_dsp_augmented,resize_0.5_jpeg_q75,all,all,682,-0.05479420884,-0.01107287093,-0.04372133791
late_fusion_dsp_augmented,resize_0.5_jpeg_q75,all,authentic,341,-0.05282323788,-0.01065642038,-0.0421668175
late_fusion_dsp_augmented,resize_0.5_jpeg_q75,all,ai_edited,341,-0.0567651798,-0.01148932148,-0.04527585832
