comparison,condition,metric,primary,delta,ci_lower,ci_upper,finite_replicates
late_fusion_dsp_augmented_minus_late_fusion_original,original,macro_f1,false,-0.02494293433,-0.04641501911,-0.004502602868,10000
late_fusion_dsp_augmented_minus_late_fusion_original,original,balanced_accuracy,false,-0.02492668622,-0.04692082111,-0.004398826979,10000
late_fusion_dsp_augmented_minus_late_fusion_original,original,auroc,false,-0.01820589778,-0.02869793861,-0.006957069513,10000
late_fusion_dsp_augmented_minus_late_fusion_original,original,brier_score,false,0.003180147566,0.0008095747458,0.005050523077,10000
late_fusion_dsp_augmented_minus_late_fusion_original,original,log_loss,false,0.006707215004,0.001439375176,0.01078779038,10000
late_fusion_dsp_augmented_minus_late_fusion_original,original,ece,false,-0.02807219321,-0.04968450053,0.00856590509,10000
late_fusion_dsp_augmented_minus_late_fusion_original,original,fpr,false,0.04692082111,0.01173020528,0.08211143695,10000
late_fusion_dsp_augmented_minus_late_fusion_original,original,fnr,false,0.00293255132,-0.03519061584,0.04105571848,10000
late_fusion_dsp_augmented_minus_late_fusion_original,original,selective_coverage,false,-0.06451612903,-0.09530791789,-0.03372434018,10000
late_fusion_dsp_augmented_minus_late_fusion_original,original,selective_accuracy,false,-0.01711309524,-0.08027137331,0.04587800143,10000
late_fusion_dsp_augmented_minus_late_fusion_original,original,high_confidence_error_rate,false,-0.01906158358,-0.03519061584,-0.00293255132,10000
late_fusion_dsp_augmented_minus_late_fusion_original,jpeg_q95,macro_f1,false,-0.008875036051,-0.03089019046,0.01350466462,10000
late_fusion_dsp_augmented_minus_late_fusion_original,jpeg_q95,balanced_accuracy,false,-0.01026392962,-0.03225806452,0.01173020528,10000
late_fusion_dsp_augmented_minus_late_fusion_original,jpeg_q95,auroc,false,-0.007155081226,-0.0170539469,0.003732338043,10000
late_fusion_dsp_augmented_minus_late_fusion_original,jpeg_q95,brier_score,false,0.0009006767342,-0.001421698351,0.00270752362,10000
late_fusion_dsp_augmented_minus_late_fusion_original,jpeg_q95,log_loss,false,0.001837625336,-0.003432812043,0.005794328112,10000
late_fusion_dsp_augmented_minus_late_fusion_original,jpeg_q95,ece,false,-0.03145689376,-0.05129689244,0.00537557604,10000
late_fusion_dsp_augmented_minus_late_fusion_original,jpeg_q95,fpr,false,0.07331378299,0.03812316716,0.1085043988,10000
late_fusion_dsp_augmented_minus_late_fusion_original,jpeg_q95,fnr,false,-0.05278592375,-0.09384164223,-0.01458944282,10000
late_fusion_dsp_augmented_minus_late_fusion_original,jpeg_q95,selective_coverage,false,-0.06011730205,-0.09090909091,-0.0293255132,10000
late_fusion_dsp_augmented_minus_late_fusion_original,jpeg_q95,selective_accuracy,false,-0.02975645486,-0.09384964493,0.03423563341,10000
late_fusion_dsp_augmented_minus_late_fusion_original,jpeg_q95,high_confidence_error_rate,false,-0.01612903226,-0.03225806452,0,10000
late_fusion_dsp_augmented_minus_late_fusion_original,jpeg_q75,macro_f1,true,0.1362918616,0.1057164493,0.1681491,10000
late_fusion_dsp_augmented_minus_late_fusion_original,jpeg_q75,balanced_accuracy,false,0.04985337243,0.02639296188,0.07478005865,10000
late_fusion_dsp_augmented_minus_late_fusion_original,jpeg_q75,auroc,false,0.02631556316,0.01485195346,0.03816616644,10000
late_fusion_dsp_augmented_minus_late_fusion_original,jpeg_q75,brier_score,false,-0.03195255802,-0.03648822094,-0.02763039457,10000
late_fusion_dsp_augmented_minus_late_fusion_original,jpeg_q75,log_loss,false,-0.08149486329,-0.09900174136,-0.06687617706,10000
late_fusion_dsp_augmented_minus_late_fusion_original,jpeg_q75,ece,false,-0.1457657662,-0.1537520202,-0.11211088,10000
late_fusion_dsp_augmented_minus_late_fusion_original,jpeg_q75,fpr,false,0.2903225806,0.2434017595,0.3372434018,10000
late_fusion_dsp_augmented_minus_late_fusion_original,jpeg_q75,fnr,false,-0.3900293255,-0.4428152493,-0.3372434018,10000
late_fusion_dsp_augmented_minus_late_fusion_original,jpeg_q75,selective_coverage,false,-0.4604105572,-0.5161290323,-0.4046920821,10000
late_fusion_dsp_augmented_minus_late_fusion_original,jpeg_q75,selective_accuracy,false,0.09938941655,0.03632448902,0.1670585305,10000
late_fusion_dsp_augmented_minus_late_fusion_original,jpeg_q75,high_confidence_error_rate,false,-0.215542522,-0.2448680352,-0.1862170088,10000
late_fusion_dsp_augmented_minus_late_fusion_original,jpeg_q50,macro_f1,false,0.1736069385,0.1424308279,0.2043954905,10000
late_fusion_dsp_augmented_minus_late_fusion_original,jpeg_q50,balanced_accuracy,false,0.05865102639,0.03519061584,0.08211143695,10000
late_fusion_dsp_augmented_minus_late_fusion_original,jpeg_q50,auroc,false,0.04243169563,0.02823333133,0.05719765052,10000
late_fusion_dsp_augmented_minus_late_fusion_original,jpeg_q50,brier_score,false,-0.06927613948,-0.0759371862,-0.06253985875,10000
late_fusion_dsp_augmented_minus_late_fusion_original,jpeg_q50,log_loss,false,-0.2122953016,-0.2508917927,-0.1795648665,10000
late_fusion_dsp_augmented_minus_late_fusion_original,jpeg_q50,ece,false,-0.2204279512,-0.229619928,-0.1913191892,10000
late_fusion_dsp_augmented_minus_late_fusion_original,jpeg_q50,fpr,false,0.3020527859,0.2521994135,0.3519061584,10000
late_fusion_dsp_augmented_minus_late_fusion_original,jpeg_q50,fnr,false,-0.4193548387,-0.4721407625,-0.366568915,10000
late_fusion_dsp_augmented_minus_late_fusion_original,jpeg_q50,selective_coverage,false,-0.6319648094,-0.6818181818,-0.5806451613,10000
late_fusion_dsp_augmented_minus_late_fusion_original,jpeg_q50,selective_accuracy,false,0.1370665417,0.07805326748,0.2039156426,10000
late_fusion_dsp_augmented_minus_late_fusion_original,jpeg_q50,high_confidence_error_rate,false,-0.3211143695,-0.3475073314,-0.293255132,10000
late_fusion_dsp_augmented_minus_late_fusion_original,resize_0.5,macro_f1,false,0.1387933489,0.1076551091,0.1713061093,10000
late_fusion_dsp_augmented_minus_late_fusion_original,resize_0.5,balanced_accuracy,false,0.04692082111,0.0219941349,0.07184750733,10000
late_fusion_dsp_augmented_minus_late_fusion_original,resize_0.5,auroc,false,0.02355500899,0.01392295388,0.03374626981,10000
late_fusion_dsp_augmented_minus_late_fusion_original,resize_0.5,brier_score,false,-0.02657553783,-0.03008133177,-0.0231351675,10000
late_fusion_dsp_augmented_minus_late_fusion_original,resize_0.5,log_loss,false,-0.06056066075,-0.06910829466,-0.05216983647,10000
late_fusion_dsp_augmented_minus_late_fusion_original,resize_0.5,ece,false,-0.1340259782,-0.1400655738,-0.09900427957,10000
late_fusion_dsp_augmented_minus_late_fusion_original,resize_0.5,fpr,false,-0.431085044,-0.4838709677,-0.3812316716,10000
late_fusion_dsp_augmented_minus_late_fusion_original,resize_0.5,fnr,false,0.3372434018,0.2873900293,0.3870967742,10000
late_fusion_dsp_augmented_minus_late_fusion_original,resize_0.5,selective_coverage,false,-0.3768328446,-0.4325513196,-0.3225806452,10000
late_fusion_dsp_augmented_minus_late_fusion_original,resize_0.5,selective_accuracy,false,0.08249799519,0.01833453707,0.1528141164,10000
late_fusion_dsp_augmented_minus_late_fusion_original,resize_0.5,high_confidence_error_rate,false,-0.1715542522,-0.2008797654,-0.142228739,10000
late_fusion_dsp_augmented_minus_late_fusion_original,resize_0.5_jpeg_q75,macro_f1,false,0.1332253586,0.1027292465,0.164901293,10000
late_fusion_dsp_augmented_minus_late_fusion_original,resize_0.5_jpeg_q75,balanced_accuracy,false,0.05571847507,0.03225806452,0.08064516129,10000
late_fusion_dsp_augmented_minus_late_fusion_original,resize_0.5_jpeg_q75,auroc,false,0.03316104953,0.02266900869,0.04445287708,10000
late_fusion_dsp_augmented_minus_late_fusion_original,resize_0.5_jpeg_q75,brier_score,false,-0.0257587856,-0.02943697086,-0.02217375486,10000
late_fusion_dsp_augmented_minus_late_fusion_original,resize_0.5_jpeg_q75,log_loss,false,-0.05821459097,-0.06695657581,-0.04974522457,10000
late_fusion_dsp_augmented_minus_late_fusion_original,resize_0.5_jpeg_q75,ece,false,-0.1191937062,-0.1358044856,-0.08515210976,10000
late_fusion_dsp_augmented_minus_late_fusion_original,resize_0.5_jpeg_q75,fpr,false,0.2580645161,0.211143695,0.3049853372,10000
late_fusion_dsp_augmented_minus_late_fusion_original,resize_0.5_jpeg_q75,fnr,false,-0.3695014663,-0.42228739,-0.3196480938,10000
late_fusion_dsp_augmented_minus_late_fusion_original,resize_0.5_jpeg_q75,selective_coverage,false,-0.4002932551,-0.4545454545,-0.3475073314,10000
late_fusion_dsp_augmented_minus_late_fusion_original,resize_0.5_jpeg_q75,selective_accuracy,false,0.09112785101,0.02066922413,0.1678733126,10000
late_fusion_dsp_augmented_minus_late_fusion_original,resize_0.5_jpeg_q75,high_confidence_error_rate,false,-0.1906158358,-0.219941349,-0.1627565982,10000
late_fusion_dsp_augmented_minus_visual_calibrated,original,macro_f1,false,-0.001045231526,-0.01856902796,0.01664522252,10000
late_fusion_dsp_augmented_minus_visual_calibrated,original,balanced_accuracy,false,-0.00146627566,-0.01906158358,0.01612903226,10000
late_fusion_dsp_augmented_minus_visual_calibrated,original,auroc,false,0.000851385867,-0.004377327336,0.005942501354,10000
late_fusion_dsp_augmented_minus_visual_calibrated,original,brier_score,false,-0.0004421274857,-0.001061547502,0.0001846261058,10000
late_fusion_dsp_augmented_minus_visual_calibrated,original,log_loss,false,-0.001104058565,-0.002454114434,0.0002590247657,10000
late_fusion_dsp_augmented_minus_visual_calibrated,original,ece,false,0.004354275976,-0.02024686219,0.01960073947,10000
late_fusion_dsp_augmented_minus_visual_calibrated,original,fpr,false,0.04692082111,0.02052785924,0.07624633431,10000
late_fusion_dsp_augmented_minus_visual_calibrated,original,fnr,false,-0.04398826979,-0.07331378299,-0.01759530792,10000
late_fusion_dsp_augmented_minus_visual_calibrated,original,selective_coverage,false,-0.01173020528,-0.02639296188,0.004398826979,10000
late_fusion_dsp_augmented_minus_visual_calibrated,original,selective_accuracy,false,-0.008281573499,-0.05998101266,0.04248158128,10000
late_fusion_dsp_augmented_minus_visual_calibrated,original,high_confidence_error_rate,false,-0.00293255132,-0.01173020528,0.005865102639,10000
late_fusion_dsp_augmented_minus_visual_calibrated,jpeg_q95,macro_f1,false,0.006256446794,-0.01103053588,0.02351547832,10000
late_fusion_dsp_augmented_minus_visual_calibrated,jpeg_q95,balanced_accuracy,false,0.005865102639,-0.01173020528,0.02346041056,10000
late_fusion_dsp_augmented_minus_visual_calibrated,jpeg_q95,auroc,false,0.001470575588,-0.003680953896,0.0064759075,10000
late_fusion_dsp_augmented_minus_visual_calibrated,jpeg_q95,brier_score,false,-0.0004260105373,-0.001050161888,0.0002031181704,10000
late_fusion_dsp_augmented_minus_visual_calibrated,jpeg_q95,log_loss,false,-0.001063901587,-0.002430004044,0.0003005652562,10000
late_fusion_dsp_augmented_minus_visual_calibrated,jpeg_q95,ece,false,0.002493914615,-0.02124063224,0.02059860375,10000
late_fusion_dsp_augmented_minus_visual_calibrated,jpeg_q95,fpr,false,0.0293255132,0.00293255132,0.05571847507,10000
late_fusion_dsp_augmented_minus_visual_calibrated,jpeg_q95,fnr,false,-0.04105571848,-0.06744868035,-0.0146627566,10000
late_fusion_dsp_augmented_minus_visual_calibrated,jpeg_q95,selective_coverage,false,-0.01173020528,-0.02639296188,0.004398826979,10000
late_fusion_dsp_augmented_minus_visual_calibrated,jpeg_q95,selective_accuracy,false,-0.03067788224,-0.08193095395,0.01707173568,10000
late_fusion_dsp_augmented_minus_visual_calibrated,jpeg_q95,high_confidence_error_rate,false,0,-0.008797653959,0.008797653959,10000
late_fusion_dsp_augmented_minus_visual_calibrated,jpeg_q75,macro_f1,false,-0.003727681438,-0.02084990024,0.01348800444,10000
late_fusion_dsp_augmented_minus_visual_calibrated,jpeg_q75,balanced_accuracy,false,-0.00293255132,-0.01906158358,0.0146627566,10000
late_fusion_dsp_augmented_minus_visual_calibrated,jpeg_q75,auroc,false,0.001307178301,-0.003973349042,0.006381094074,10000
late_fusion_dsp_augmented_minus_visual_calibrated,jpeg_q75,brier_score,false,-0.0002928404166,-0.001039679907,0.0004517359837,10000
late_fusion_dsp_augmented_minus_visual_calibrated,jpeg_q75,log_loss,false,-0.000781409615,-0.002440776137,0.0008439965103,10000
late_fusion_dsp_augmented_minus_visual_calibrated,jpeg_q75,ece,false,0.004647999366,-0.02006003292,0.02238005823,10000
late_fusion_dsp_augmented_minus_visual_calibrated,jpeg_q75,fpr,false,-0.01759530792,-0.04398826979,0.008797653959,10000
late_fusion_dsp_augmented_minus_visual_calibrated,jpeg_q75,fnr,false,0.02346041056,-0.005865102639,0.05278592375,10000
late_fusion_dsp_augmented_minus_visual_calibrated,jpeg_q75,selective_coverage,false,-0.00293255132,-0.01906158358,0.0146627566,10000
late_fusion_dsp_augmented_minus_visual_calibrated,jpeg_q75,selective_accuracy,false,-0.0297979798,-0.07624478752,0.01549655574,10000
late_fusion_dsp_augmented_minus_visual_calibrated,jpeg_q75,high_confidence_error_rate,false,0.00293255132,-0.004398826979,0.01173020528,10000
late_fusion_dsp_augmented_minus_visual_calibrated,jpeg_q50,macro_f1,false,-0.0009703356482,-0.01938957225,0.01747279664,10000
late_fusion_dsp_augmented_minus_visual_calibrated,jpeg_q50,balanced_accuracy,false,0.00146627566,-0.01612903226,0.01906158358,10000
late_fusion_dsp_augmented_minus_visual_calibrated,jpeg_q50,auroc,false,0.000283795289,-0.005254512775,0.005744919634,10000
late_fusion_dsp_augmented_minus_visual_calibrated,jpeg_q50,brier_score,false,0.0001144827589,-0.0008133319446,0.001020876668,10000
late_fusion_dsp_augmented_minus_visual_calibrated,jpeg_q50,log_loss,false,0.0001252918292,-0.00188609404,0.002091265676,10000
late_fusion_dsp_augmented_minus_visual_calibrated,jpeg_q50,ece,false,0.00594740406,-0.01725523899,0.02396608494,10000
late_fusion_dsp_augmented_minus_visual_calibrated,jpeg_q50,fpr,false,-0.04985337243,-0.07917888563,-0.02052785924,10000
late_fusion_dsp_augmented_minus_visual_calibrated,jpeg_q50,fnr,false,0.04692082111,0.02052785924,0.07624633431,10000
late_fusion_dsp_augmented_minus_visual_calibrated,jpeg_q50,selective_coverage,false,0.01026392962,-0.0146627566,0.03519061584,10000
late_fusion_dsp_augmented_minus_visual_calibrated,jpeg_q50,selective_accuracy,false,-0.02909507446,-0.09325095072,0.0363594161,10000
late_fusion_dsp_augmented_minus_visual_calibrated,jpeg_q50,high_confidence_error_rate,false,0.007331378299,-0.005865102639,0.0219941349,10000
late_fusion_dsp_augmented_minus_visual_calibrated,resize_0.5,macro_f1,false,-0.009918274754,-0.02661597556,0.00646276519,10000
late_fusion_dsp_augmented_minus_visual_calibrated,resize_0.5,balanced_accuracy,false,-0.01026392962,-0.02639296188,0.005865102639,10000
late_fusion_dsp_augmented_minus_visual_calibrated,resize_0.5,auroc,false,-0.001427576302,-0.006458707785,0.003285145467,10000
late_fusion_dsp_augmented_minus_visual_calibrated,resize_0.5,brier_score,false,9.115400551e-05,-0.0004901869075,0.0006908780556,10000
late_fusion_dsp_augmented_minus_visual_calibrated,resize_0.5,log_loss,false,7.455164785e-05,-0.001180590844,0.001369815941,10000
late_fusion_dsp_augmented_minus_visual_calibrated,resize_0.5,ece,false,0.002618368079,-0.02202434368,0.02229793014,10000
late_fusion_dsp_augmented_minus_visual_calibrated,resize_0.5,fpr,false,0.06158357771,0.03519061584,0.08797653959,10000
late_fusion_dsp_augmented_minus_visual_calibrated,resize_0.5,fnr,false,-0.04105571848,-0.06744868035,-0.0146627566,10000
late_fusion_dsp_augmented_minus_visual_calibrated,resize_0.5,selective_coverage,false,-0.01026392962,-0.02639296188,0.004398826979,10000
late_fusion_dsp_augmented_minus_visual_calibrated,resize_0.5,selective_accuracy,false,-0.01504035216,-0.06384303894,0.03438008801,10000
late_fusion_dsp_augmented_minus_visual_calibrated,resize_0.5,high_confidence_error_rate,false,-0.00146627566,-0.01026392962,0.007331378299,10000
late_fusion_dsp_augmented_minus_visual_calibrated,resize_0.5_jpeg_q75,macro_f1,false,0.001774061816,-0.01690897659,0.01977487286,10000
late_fusion_dsp_augmented_minus_visual_calibrated,resize_0.5_jpeg_q75,balanced_accuracy,false,0.00293255132,-0.0146627566,0.02052785924,10000
late_fusion_dsp_augmented_minus_visual_calibrated,resize_0.5_jpeg_q75,auroc,false,0.0002665955745,-0.004721751619,0.00508251563,10000
late_fusion_dsp_augmented_minus_visual_calibrated,resize_0.5_jpeg_q75,brier_score,false,-3.689064214e-05,-0.0006444422509,0.0005949372638,10000
late_fusion_dsp_augmented_minus_visual_calibrated,resize_0.5_jpeg_q75,log_loss,false,-0.0001903518765,-0.001509133384,0.001150007633,10000
late_fusion_dsp_augmented_minus_visual_calibrated,resize_0.5_jpeg_q75,ece,false,0.009932887776,-0.0179931282,0.03040825152,10000
late_fusion_dsp_augmented_minus_visual_calibrated,resize_0.5_jpeg_q75,fpr,false,-0.0293255132,-0.05865102639,-0.00293255132,10000
late_fusion_dsp_augmented_minus_visual_calibrated,resize_0.5_jpeg_q75,fnr,false,0.02346041056,-0.005865102639,0.05278592375,10000
late_fusion_dsp_augmented_minus_visual_calibrated,resize_0.5_jpeg_q75,selective_coverage,false,-0.005865102639,-0.02052785924,0.008797653959,10000
late_fusion_dsp_augmented_minus_visual_calibrated,resize_0.5_jpeg_q75,selective_accuracy,false,-0.01684822077,-0.07792207792,0.04476514816,10000
late_fusion_dsp_augmented_minus_visual_calibrated,resize_0.5_jpeg_q75,high_confidence_error_rate,false,0,-0.01026392962,0.01026392962,10000
