condition,recipe,class,outcome,confidence_lower,confidence_upper,count
original,late_fusion_stacked,all,correct,0.5,0.55,132
original,late_fusion_stacked,all,correct,0.55,0.6,113
original,late_fusion_stacked,all,correct,0.6,0.65,80
original,late_fusion_stacked,all,correct,0.65,0.7,51
original,late_fusion_stacked,all,correct,0.7,0.75,18
original,late_fusion_stacked,all,correct,0.75,0.8,12
original,late_fusion_stacked,all,correct,0.8,0.85,4
original,late_fusion_stacked,all,correct,0.85,0.9,1
original,late_fusion_stacked,all,correct,0.9,0.95,0
original,late_fusion_stacked,all,correct,0.95,1,0
original,late_fusion_stacked,all,wrong,0.5,0.55,97
original,late_fusion_stacked,all,wrong,0.55,0.6,77
original,late_fusion_stacked,all,wrong,0.6,0.65,55
original,late_fusion_stacked,all,wrong,0.65,0.7,29
original,late_fusion_stacked,all,wrong,0.7,0.75,10
original,late_fusion_stacked,all,wrong,0.75,0.8,1
original,late_fusion_stacked,all,wrong,0.8,0.85,1
original,late_fusion_stacked,all,wrong,0.85,0.9,1
original,late_fusion_stacked,all,wrong,0.9,0.95,0
original,late_fusion_stacked,all,wrong,0.95,1,0
original,late_fusion_stacked,authentic,correct,0.5,0.55,64
original,late_fusion_stacked,authentic,correct,0.55,0.6,65
original,late_fusion_stacked,authentic,correct,0.6,0.65,43
original,late_fusion_stacked,authentic,correct,0.65,0.7,23
original,late_fusion_stacked,authentic,correct,0.7,0.75,6
original,late_fusion_stacked,authentic,correct,0.75,0.8,5
original,late_fusion_stacked,authentic,correct,0.8,0.85,3
original,late_fusion_stacked,authentic,correct,0.85,0.9,0
original,late_fusion_stacked,authentic,correct,0.9,0.95,0
original,late_fusion_stacked,authentic,correct,0.95,1,0
original,late_fusion_stacked,authentic,wrong,0.5,0.55,43
original,late_fusion_stacked,authentic,wrong,0.55,0.6,41
original,late_fusion_stacked,authentic,wrong,0.6,0.65,23
original,late_fusion_stacked,authentic,wrong,0.65,0.7,19
original,late_fusion_stacked,authentic,wrong,0.7,0.75,4
original,late_fusion_stacked,authentic,wrong,0.75,0.8,0
original,late_fusion_stacked,authentic,wrong,0.8,0.85,1
original,late_fusion_stacked,authentic,wrong,0.85,0.9,1
original,late_fusion_stacked,authentic,wrong,0.9,0.95,0
original,late_fusion_stacked,authentic,wrong,0.95,1,0
original,late_fusion_stacked,ai_edited,correct,0.5,0.55,68
original,late_fusion_stacked,ai_edited,correct,0.55,0.6,48
original,late_fusion_stacked,ai_edited,correct,0.6,0.65,37
original,late_fusion_stacked,ai_edited,correct,0.65,0.7,28
original,late_fusion_stacked,ai_edited,correct,0.7,0.75,12
original,late_fusion_stacked,ai_edited,correct,0.75,0.8,7
original,late_fusion_stacked,ai_edited,correct,0.8,0.85,1
original,late_fusion_stacked,ai_edited,correct,0.85,0.9,1
original,late_fusion_stacked,ai_edited,correct,0.9,0.95,0
original,late_fusion_stacked,ai_edited,correct,0.95,1,0
original,late_fusion_stacked,ai_edited,wrong,0.5,0.55,54
original,late_fusion_stacked,ai_edited,wrong,0.55,0.6,36
original,late_fusion_stacked,ai_edited,wrong,0.6,0.65,32
original,late_fusion_stacked,ai_edited,wrong,0.65,0.7,10
original,late_fusion_stacked,ai_edited,wrong,0.7,0.75,6
original,late_fusion_stacked,ai_edited,wrong,0.75,0.8,1
original,late_fusion_stacked,ai_edited,wrong,0.8,0.85,0
original,late_fusion_stacked,ai_edited,wrong,0.85,0.9,0
original,late_fusion_stacked,ai_edited,wrong,0.9,0.95,0
original,late_fusion_stacked,ai_edited,wrong,0.95,1,0
jpeg_q95,late_fusion_stacked,all,correct,0.5,0.55,131
jpeg_q95,late_fusion_stacked,all,correct,0.55,0.6,118
jpeg_q95,late_fusion_stacked,all,correct,0.6,0.65,72
jpeg_q95,late_fusion_stacked,all,correct,0.65,0.7,50
jpeg_q95,late_fusion_stacked,all,correct,0.7,0.75,21
jpeg_q95,late_fusion_stacked,all,correct,0.75,0.8,9
jpeg_q95,late_fusion_stacked,all,correct,0.8,0.85,4
jpeg_q95,late_fusion_stacked,all,correct,0.85,0.9,1
jpeg_q95,late_fusion_stacked,all,correct,0.9,0.95,0
jpeg_q95,late_fusion_stacked,all,correct,0.95,1,0
jpeg_q95,late_fusion_stacked,all,wrong,0.5,0.55,103
jpeg_q95,late_fusion_stacked,all,wrong,0.55,0.6,76
jpeg_q95,late_fusion_stacked,all,wrong,0.6,0.65,55
jpeg_q95,late_fusion_stacked,all,wrong,0.65,0.7,27
jpeg_q95,late_fusion_stacked,all,wrong,0.7,0.75,11
jpeg_q95,late_fusion_stacked,all,wrong,0.75,0.8,2
jpeg_q95,late_fusion_stacked,all,wrong,0.8,0.85,1
jpeg_q95,late_fusion_stacked,all,wrong,0.85,0.9,1
jpeg_q95,late_fusion_stacked,all,wrong,0.9,0.95,0
jpeg_q95,late_fusion_stacked,all,wrong,0.95,1,0
jpeg_q95,late_fusion_stacked,authentic,correct,0.5,0.55,71
jpeg_q95,late_fusion_stacked,authentic,correct,0.55,0.6,65
jpeg_q95,late_fusion_stacked,authentic,correct,0.6,0.65,43
jpeg_q95,late_fusion_stacked,authentic,correct,0.65,0.7,28
jpeg_q95,late_fusion_stacked,authentic,correct,0.7,0.75,8
jpeg_q95,late_fusion_stacked,authentic,correct,0.75,0.8,5
jpeg_q95,late_fusion_stacked,authentic,correct,0.8,0.85,3
jpeg_q95,late_fusion_stacked,authentic,correct,0.85,0.9,0
jpeg_q95,late_fusion_stacked,authentic,correct,0.9,0.95,0
jpeg_q95,late_fusion_stacked,authentic,correct,0.95,1,0
jpeg_q95,late_fusion_stacked,authentic,wrong,0.5,0.55,39
jpeg_q95,late_fusion_stacked,authentic,wrong,0.55,0.6,38
jpeg_q95,late_fusion_stacked,authentic,wrong,0.6,0.65,20
jpeg_q95,late_fusion_stacked,authentic,wrong,0.65,0.7,16
jpeg_q95,late_fusion_stacked,authentic,wrong,0.7,0.75,3
jpeg_q95,late_fusion_stacked,authentic,wrong,0.75,0.8,0
jpeg_q95,late_fusion_stacked,authentic,wrong,0.8,0.85,1
jpeg_q95,late_fusion_stacked,authentic,wrong,0.85,0.9,1
jpeg_q95,late_fusion_stacked,authentic,wrong,0.9,0.95,0
jpeg_q95,late_fusion_stacked,authentic,wrong,0.95,1,0
jpeg_q95,late_fusion_stacked,ai_edited,correct,0.5,0.55,60
jpeg_q95,late_fusion_stacked,ai_edited,correct,0.55,0.6,53
jpeg_q95,late_fusion_stacked,ai_edited,correct,0.6,0.65,29
jpeg_q95,late_fusion_stacked,ai_edited,correct,0.65,0.7,22
jpeg_q95,late_fusion_stacked,ai_edited,correct,0.7,0.75,13
jpeg_q95,late_fusion_stacked,ai_edited,correct,0.75,0.8,4
jpeg_q95,late_fusion_stacked,ai_edited,correct,0.8,0.85,1
jpeg_q95,late_fusion_stacked,ai_edited,correct,0.85,0.9,1
jpeg_q95,late_fusion_stacked,ai_edited,correct,0.9,0.95,0
jpeg_q95,late_fusion_stacked,ai_edited,correct,0.95,1,0
jpeg_q95,late_fusion_stacked,ai_edited,wrong,0.5,0.55,64
jpeg_q95,late_fusion_stacked,ai_edited,wrong,0.55,0.6,38
jpeg_q95,late_fusion_stacked,ai_edited,wrong,0.6,0.65,35
jpeg_q95,late_fusion_stacked,ai_edited,wrong,0.65,0.7,11
jpeg_q95,late_fusion_stacked,ai_edited,wrong,0.7,0.75,8
jpeg_q95,late_fusion_stacked,ai_edited,wrong,0.75,0.8,2
jpeg_q95,late_fusion_stacked,ai_edited,wrong,0.8,0.85,0
jpeg_q95,late_fusion_stacked,ai_edited,wrong,0.85,0.9,0
jpeg_q95,late_fusion_stacked,ai_edited,wrong,0.9,0.95,0
jpeg_q95,late_fusion_stacked,ai_edited,wrong,0.95,1,0
jpeg_q75,late_fusion_stacked,all,correct,0.5,0.55,41
jpeg_q75,late_fusion_stacked,all,correct,0.55,0.6,56
jpeg_q75,late_fusion_stacked,all,correct,0.6,0.65,38
jpeg_q75,late_fusion_stacked,all,correct,0.65,0.7,66
jpeg_q75,late_fusion_stacked,all,correct,0.7,0.75,63
jpeg_q75,late_fusion_stacked,all,correct,0.75,0.8,44
jpeg_q75,late_fusion_stacked,all,correct,0.8,0.85,29
jpeg_q75,late_fusion_stacked,all,correct,0.85,0.9,18
jpeg_q75,late_fusion_stacked,all,correct,0.9,0.95,5
jpeg_q75,late_fusion_stacked,all,correct,0.95,1,0
jpeg_q75,late_fusion_stacked,all,wrong,0.5,0.55,53
jpeg_q75,late_fusion_stacked,all,wrong,0.55,0.6,49
jpeg_q75,late_fusion_stacked,all,wrong,0.6,0.65,43
jpeg_q75,late_fusion_stacked,all,wrong,0.65,0.7,55
jpeg_q75,late_fusion_stacked,all,wrong,0.7,0.75,45
jpeg_q75,late_fusion_stacked,all,wrong,0.75,0.8,41
jpeg_q75,late_fusion_stacked,all,wrong,0.8,0.85,22
jpeg_q75,late_fusion_stacked,all,wrong,0.85,0.9,9
jpeg_q75,late_fusion_stacked,all,wrong,0.9,0.95,4
jpeg_q75,late_fusion_stacked,all,wrong,0.95,1,1
jpeg_q75,late_fusion_stacked,authentic,correct,0.5,0.55,22
jpeg_q75,late_fusion_stacked,authentic,correct,0.55,0.6,42
jpeg_q75,late_fusion_stacked,authentic,correct,0.6,0.65,33
jpeg_q75,late_fusion_stacked,authentic,correct,0.65,0.7,63
jpeg_q75,late_fusion_stacked,authentic,correct,0.7,0.75,61
jpeg_q75,late_fusion_stacked,authentic,correct,0.75,0.8,44
jpeg_q75,late_fusion_stacked,authentic,correct,0.8,0.85,28
jpeg_q75,late_fusion_stacked,authentic,correct,0.85,0.9,17
jpeg_q75,late_fusion_stacked,authentic,correct,0.9,0.95,5
jpeg_q75,late_fusion_stacked,authentic,correct,0.95,1,0
jpeg_q75,late_fusion_stacked,authentic,wrong,0.5,0.55,15
jpeg_q75,late_fusion_stacked,authentic,wrong,0.55,0.6,6
jpeg_q75,late_fusion_stacked,authentic,wrong,0.6,0.65,3
jpeg_q75,late_fusion_stacked,authentic,wrong,0.65,0.7,0
jpeg_q75,late_fusion_stacked,authentic,wrong,0.7,0.75,0
jpeg_q75,late_fusion_stacked,authentic,wrong,0.75,0.8,0
jpeg_q75,late_fusion_stacked,authentic,wrong,0.8,0.85,1
jpeg_q75,late_fusion_stacked,authentic,wrong,0.85,0.9,0
jpeg_q75,late_fusion_stacked,authentic,wrong,0.9,0.95,0
jpeg_q75,late_fusion_stacked,authentic,wrong,0.95,1,1
jpeg_q75,late_fusion_stacked,ai_edited,correct,0.5,0.55,19
jpeg_q75,late_fusion_stacked,ai_edited,correct,0.55,0.6,14
jpeg_q75,late_fusion_stacked,ai_edited,correct,0.6,0.65,5
jpeg_q75,late_fusion_stacked,ai_edited,correct,0.65,0.7,3
jpeg_q75,late_fusion_stacked,ai_edited,correct,0.7,0.75,2
jpeg_q75,late_fusion_stacked,ai_edited,correct,0.75,0.8,0
jpeg_q75,late_fusion_stacked,ai_edited,correct,0.8,0.85,1
jpeg_q75,late_fusion_stacked,ai_edited,correct,0.85,0.9,1
jpeg_q75,late_fusion_stacked,ai_edited,correct,0.9,0.95,0
jpeg_q75,late_fusion_stacked,ai_edited,correct,0.95,1,0
jpeg_q75,late_fusion_stacked,ai_edited,wrong,0.5,0.55,38
jpeg_q75,late_fusion_stacked,ai_edited,wrong,0.55,0.6,43
jpeg_q75,late_fusion_stacked,ai_edited,wrong,0.6,0.65,40
jpeg_q75,late_fusion_stacked,ai_edited,wrong,0.65,0.7,55
jpeg_q75,late_fusion_stacked,ai_edited,wrong,0.7,0.75,45
jpeg_q75,late_fusion_stacked,ai_edited,wrong,0.75,0.8,41
jpeg_q75,late_fusion_stacked,ai_edited,wrong,0.8,0.85,21
jpeg_q75,late_fusion_stacked,ai_edited,wrong,0.85,0.9,9
jpeg_q75,late_fusion_stacked,ai_edited,wrong,0.9,0.95,4
jpeg_q75,late_fusion_stacked,ai_edited,wrong,0.95,1,0
jpeg_q50,late_fusion_stacked,all,correct,0.5,0.55,28
jpeg_q50,late_fusion_stacked,all,correct,0.55,0.6,19
jpeg_q50,late_fusion_stacked,all,correct,0.6,0.65,32
jpeg_q50,late_fusion_stacked,all,correct,0.65,0.7,38
jpeg_q50,late_fusion_stacked,all,correct,0.7,0.75,34
jpeg_q50,late_fusion_stacked,all,correct,0.75,0.8,56
jpeg_q50,late_fusion_stacked,all,correct,0.8,0.85,67
jpeg_q50,late_fusion_stacked,all,correct,0.85,0.9,43
jpeg_q50,late_fusion_stacked,all,correct,0.9,0.95,22
jpeg_q50,late_fusion_stacked,all,correct,0.95,1,16
jpeg_q50,late_fusion_stacked,all,wrong,0.5,0.55,25
jpeg_q50,late_fusion_stacked,all,wrong,0.55,0.6,20
jpeg_q50,late_fusion_stacked,all,wrong,0.6,0.65,30
jpeg_q50,late_fusion_stacked,all,wrong,0.65,0.7,46
jpeg_q50,late_fusion_stacked,all,wrong,0.7,0.75,40
jpeg_q50,late_fusion_stacked,all,wrong,0.75,0.8,48
jpeg_q50,late_fusion_stacked,all,wrong,0.8,0.85,54
jpeg_q50,late_fusion_stacked,all,wrong,0.85,0.9,33
jpeg_q50,late_fusion_stacked,all,wrong,0.9,0.95,20
jpeg_q50,late_fusion_stacked,all,wrong,0.95,1,11
jpeg_q50,late_fusion_stacked,authentic,correct,0.5,0.55,14
jpeg_q50,late_fusion_stacked,authentic,correct,0.55,0.6,16
jpeg_q50,late_fusion_stacked,authentic,correct,0.6,0.65,28
jpeg_q50,late_fusion_stacked,authentic,correct,0.65,0.7,37
jpeg_q50,late_fusion_stacked,authentic,correct,0.7,0.75,31
jpeg_q50,late_fusion_stacked,authentic,correct,0.75,0.8,56
jpeg_q50,late_fusion_stacked,authentic,correct,0.8,0.85,67
jpeg_q50,late_fusion_stacked,authentic,correct,0.85,0.9,43
jpeg_q50,late_fusion_stacked,authentic,correct,0.9,0.95,22
jpeg_q50,late_fusion_stacked,authentic,correct,0.95,1,15
jpeg_q50,late_fusion_stacked,authentic,wrong,0.5,0.55,3
jpeg_q50,late_fusion_stacked,authentic,wrong,0.55,0.6,3
jpeg_q50,late_fusion_stacked,authentic,wrong,0.6,0.65,0
jpeg_q50,late_fusion_stacked,authentic,wrong,0.65,0.7,3
jpeg_q50,late_fusion_stacked,authentic,wrong,0.7,0.75,2
jpeg_q50,late_fusion_stacked,authentic,wrong,0.75,0.8,0
jpeg_q50,late_fusion_stacked,authentic,wrong,0.8,0.85,0
jpeg_q50,late_fusion_stacked,authentic,wrong,0.85,0.9,0
jpeg_q50,late_fusion_stacked,authentic,wrong,0.9,0.95,0
jpeg_q50,late_fusion_stacked,authentic,wrong,0.95,1,1
jpeg_q50,late_fusion_stacked,ai_edited,correct,0.5,0.55,14
jpeg_q50,late_fusion_stacked,ai_edited,correct,0.55,0.6,3
jpeg_q50,late_fusion_stacked,ai_edited,correct,0.6,0.65,4
jpeg_q50,late_fusion_stacked,ai_edited,correct,0.65,0.7,1
jpeg_q50,late_fusion_stacked,ai_edited,correct,0.7,0.75,3
jpeg_q50,late_fusion_stacked,ai_edited,correct,0.75,0.8,0
jpeg_q50,late_fusion_stacked,ai_edited,correct,0.8,0.85,0
jpeg_q50,late_fusion_stacked,ai_edited,correct,0.85,0.9,0
jpeg_q50,late_fusion_stacked,ai_edited,correct,0.9,0.95,0
jpeg_q50,late_fusion_stacked,ai_edited,correct,0.95,1,1
jpeg_q50,late_fusion_stacked,ai_edited,wrong,0.5,0.55,22
jpeg_q50,late_fusion_stacked,ai_edited,wrong,0.55,0.6,17
jpeg_q50,late_fusion_stacked,ai_edited,wrong,0.6,0.65,30
jpeg_q50,late_fusion_stacked,ai_edited,wrong,0.65,0.7,43
jpeg_q50,late_fusion_stacked,ai_edited,wrong,0.7,0.75,38
jpeg_q50,late_fusion_stacked,ai_edited,wrong,0.75,0.8,48
jpeg_q50,late_fusion_stacked,ai_edited,wrong,0.8,0.85,54
jpeg_q50,late_fusion_stacked,ai_edited,wrong,0.85,0.9,33
jpeg_q50,late_fusion_stacked,ai_edited,wrong,0.9,0.95,20
jpeg_q50,late_fusion_stacked,ai_edited,wrong,0.95,1,10
resize_0.5,late_fusion_stacked,all,correct,0.5,0.55,51
resize_0.5,late_fusion_stacked,all,correct,0.55,0.6,44
resize_0.5,late_fusion_stacked,all,correct,0.6,0.65,64
resize_0.5,late_fusion_stacked,all,correct,0.65,0.7,71
resize_0.5,late_fusion_stacked,all,correct,0.7,0.75,51
resize_0.5,late_fusion_stacked,all,correct,0.75,0.8,40
resize_0.5,late_fusion_stacked,all,correct,0.8,0.85,25
resize_0.5,late_fusion_stacked,all,correct,0.85,0.9,9
resize_0.5,late_fusion_stacked,all,correct,0.9,0.95,1
resize_0.5,late_fusion_stacked,all,correct,0.95,1,0
resize_0.5,late_fusion_stacked,all,wrong,0.5,0.55,49
resize_0.5,late_fusion_stacked,all,wrong,0.55,0.6,59
resize_0.5,late_fusion_stacked,all,wrong,0.6,0.65,71
resize_0.5,late_fusion_stacked,all,wrong,0.65,0.7,50
resize_0.5,late_fusion_stacked,all,wrong,0.7,0.75,46
resize_0.5,late_fusion_stacked,all,wrong,0.75,0.8,28
resize_0.5,late_fusion_stacked,all,wrong,0.8,0.85,19
resize_0.5,late_fusion_stacked,all,wrong,0.85,0.9,3
resize_0.5,late_fusion_stacked,all,wrong,0.9,0.95,1
resize_0.5,late_fusion_stacked,all,wrong,0.95,1,0
resize_0.5,late_fusion_stacked,authentic,correct,0.5,0.55,25
resize_0.5,late_fusion_stacked,authentic,correct,0.55,0.6,7
resize_0.5,late_fusion_stacked,authentic,correct,0.6,0.65,5
resize_0.5,late_fusion_stacked,authentic,correct,0.65,0.7,2
resize_0.5,late_fusion_stacked,authentic,correct,0.7,0.75,2
resize_0.5,late_fusion_stacked,authentic,correct,0.75,0.8,0
resize_0.5,late_fusion_stacked,authentic,correct,0.8,0.85,0
resize_0.5,late_fusion_stacked,authentic,correct,0.85,0.9,0
resize_0.5,late_fusion_stacked,authentic,correct,0.9,0.95,0
resize_0.5,late_fusion_stacked,authentic,correct,0.95,1,0
resize_0.5,late_fusion_stacked,authentic,wrong,0.5,0.55,36
resize_0.5,late_fusion_stacked,authentic,wrong,0.55,0.6,51
resize_0.5,late_fusion_stacked,authentic,wrong,0.6,0.65,68
resize_0.5,late_fusion_stacked,authentic,wrong,0.65,0.7,48
resize_0.5,late_fusion_stacked,authentic,wrong,0.7,0.75,46
resize_0.5,late_fusion_stacked,authentic,wrong,0.75,0.8,28
resize_0.5,late_fusion_stacked,authentic,wrong,0.8,0.85,19
resize_0.5,late_fusion_stacked,authentic,wrong,0.85,0.9,3
resize_0.5,late_fusion_stacked,authentic,wrong,0.9,0.95,1
resize_0.5,late_fusion_stacked,authentic,wrong,0.95,1,0
resize_0.5,late_fusion_stacked,ai_edited,correct,0.5,0.55,26
resize_0.5,late_fusion_stacked,ai_edited,correct,0.55,0.6,37
resize_0.5,late_fusion_stacked,ai_edited,correct,0.6,0.65,59
resize_0.5,late_fusion_stacked,ai_edited,correct,0.65,0.7,69
resize_0.5,late_fusion_stacked,ai_edited,correct,0.7,0.75,49
resize_0.5,late_fusion_stacked,ai_edited,correct,0.75,0.8,40
resize_0.5,late_fusion_stacked,ai_edited,correct,0.8,0.85,25
resize_0.5,late_fusion_stacked,ai_edited,correct,0.85,0.9,9
resize_0.5,late_fusion_stacked,ai_edited,correct,0.9,0.95,1
resize_0.5,late_fusion_stacked,ai_edited,correct,0.95,1,0
resize_0.5,late_fusion_stacked,ai_edited,wrong,0.5,0.55,13
resize_0.5,late_fusion_stacked,ai_edited,wrong,0.55,0.6,8
resize_0.5,late_fusion_stacked,ai_edited,wrong,0.6,0.65,3
resize_0.5,late_fusion_stacked,ai_edited,wrong,0.65,0.7,2
resize_0.5,late_fusion_stacked,ai_edited,wrong,0.7,0.75,0
resize_0.5,late_fusion_stacked,ai_edited,wrong,0.75,0.8,0
resize_0.5,late_fusion_stacked,ai_edited,wrong,0.8,0.85,0
resize_0.5,late_fusion_stacked,ai_edited,wrong,0.85,0.9,0
resize_0.5,late_fusion_stacked,ai_edited,wrong,0.9,0.95,0
resize_0.5,late_fusion_stacked,ai_edited,wrong,0.95,1,0
resize_0.5_jpeg_q75,late_fusion_stacked,all,correct,0.5,0.55,43
resize_0.5_jpeg_q75,late_fusion_stacked,all,correct,0.55,0.6,63
resize_0.5_jpeg_q75,late_fusion_stacked,all,correct,0.6,0.65,60
resize_0.5_jpeg_q75,late_fusion_stacked,all,correct,0.65,0.7,66
resize_0.5_jpeg_q75,late_fusion_stacked,all,correct,0.7,0.75,69
resize_0.5_jpeg_q75,late_fusion_stacked,all,correct,0.75,0.8,32
resize_0.5_jpeg_q75,late_fusion_stacked,all,correct,0.8,0.85,19
resize_0.5_jpeg_q75,late_fusion_stacked,all,correct,0.85,0.9,8
resize_0.5_jpeg_q75,late_fusion_stacked,all,correct,0.9,0.95,1
resize_0.5_jpeg_q75,late_fusion_stacked,all,correct,0.95,1,0
resize_0.5_jpeg_q75,late_fusion_stacked,all,wrong,0.5,0.55,51
resize_0.5_jpeg_q75,late_fusion_stacked,all,wrong,0.55,0.6,55
resize_0.5_jpeg_q75,late_fusion_stacked,all,wrong,0.6,0.65,56
resize_0.5_jpeg_q75,late_fusion_stacked,all,wrong,0.65,0.7,58
resize_0.5_jpeg_q75,late_fusion_stacked,all,wrong,0.7,0.75,57
resize_0.5_jpeg_q75,late_fusion_stacked,all,wrong,0.75,0.8,27
resize_0.5_jpeg_q75,late_fusion_stacked,all,wrong,0.8,0.85,12
resize_0.5_jpeg_q75,late_fusion_stacked,all,wrong,0.85,0.9,5
resize_0.5_jpeg_q75,late_fusion_stacked,all,wrong,0.9,0.95,0
resize_0.5_jpeg_q75,late_fusion_stacked,all,wrong,0.95,1,0
resize_0.5_jpeg_q75,late_fusion_stacked,authentic,correct,0.5,0.55,21
resize_0.5_jpeg_q75,late_fusion_stacked,authentic,correct,0.55,0.6,43
resize_0.5_jpeg_q75,late_fusion_stacked,authentic,correct,0.6,0.65,56
resize_0.5_jpeg_q75,late_fusion_stacked,authentic,correct,0.65,0.7,64
resize_0.5_jpeg_q75,late_fusion_stacked,authentic,correct,0.7,0.75,67
resize_0.5_jpeg_q75,late_fusion_stacked,authentic,correct,0.75,0.8,32
resize_0.5_jpeg_q75,late_fusion_stacked,authentic,correct,0.8,0.85,18
resize_0.5_jpeg_q75,late_fusion_stacked,authentic,correct,0.85,0.9,8
resize_0.5_jpeg_q75,late_fusion_stacked,authentic,correct,0.9,0.95,1
resize_0.5_jpeg_q75,late_fusion_stacked,authentic,correct,0.95,1,0
resize_0.5_jpeg_q75,late_fusion_stacked,authentic,wrong,0.5,0.55,17
resize_0.5_jpeg_q75,late_fusion_stacked,authentic,wrong,0.55,0.6,7
resize_0.5_jpeg_q75,late_fusion_stacked,authentic,wrong,0.6,0.65,4
resize_0.5_jpeg_q75,late_fusion_stacked,authentic,wrong,0.65,0.7,1
resize_0.5_jpeg_q75,late_fusion_stacked,authentic,wrong,0.7,0.75,0
resize_0.5_jpeg_q75,late_fusion_stacked,authentic,wrong,0.75,0.8,1
resize_0.5_jpeg_q75,late_fusion_stacked,authentic,wrong,0.8,0.85,1
resize_0.5_jpeg_q75,late_fusion_stacked,authentic,wrong,0.85,0.9,0
resize_0.5_jpeg_q75,late_fusion_stacked,authentic,wrong,0.9,0.95,0
resize_0.5_jpeg_q75,late_fusion_stacked,authentic,wrong,0.95,1,0
resize_0.5_jpeg_q75,late_fusion_stacked,ai_edited,correct,0.5,0.55,22
resize_0.5_jpeg_q75,late_fusion_stacked,ai_edited,correct,0.55,0.6,20
resize_0.5_jpeg_q75,late_fusion_stacked,ai_edited,correct,0.6,0.65,4
resize_0.5_jpeg_q75,late_fusion_stacked,ai_edited,correct,0.65,0.7,2
resize_0.5_jpeg_q75,late_fusion_stacked,ai_edited,correct,0.7,0.75,2
resize_0.5_jpeg_q75,late_fusion_stacked,ai_edited,correct,0.75,0.8,0
resize_0.5_jpeg_q75,late_fusion_stacked,ai_edited,correct,0.8,0.85,1
resize_0.5_jpeg_q75,late_fusion_stacked,ai_edited,correct,0.85,0.9,0
resize_0.5_jpeg_q75,late_fusion_stacked,ai_edited,correct,0.9,0.95,0
resize_0.5_jpeg_q75,late_fusion_stacked,ai_edited,correct,0.95,1,0
resize_0.5_jpeg_q75,late_fusion_stacked,ai_edited,wrong,0.5,0.55,34
resize_0.5_jpeg_q75,late_fusion_stacked,ai_edited,wrong,0.55,0.6,48
resize_0.5_jpeg_q75,late_fusion_stacked,ai_edited,wrong,0.6,0.65,52
resize_0.5_jpeg_q75,late_fusion_stacked,ai_edited,wrong,0.65,0.7,57
resize_0.5_jpeg_q75,late_fusion_stacked,ai_edited,wrong,0.7,0.75,57
resize_0.5_jpeg_q75,late_fusion_stacked,ai_edited,wrong,0.75,0.8,26
resize_0.5_jpeg_q75,late_fusion_stacked,ai_edited,wrong,0.8,0.85,11
resize_0.5_jpeg_q75,late_fusion_stacked,ai_edited,wrong,0.85,0.9,5
resize_0.5_jpeg_q75,late_fusion_stacked,ai_edited,wrong,0.9,0.95,0
resize_0.5_jpeg_q75,late_fusion_stacked,ai_edited,wrong,0.95,1,0
original,visual_calibrated,all,correct,0.5,0.55,144
original,visual_calibrated,all,correct,0.55,0.6,113
original,visual_calibrated,all,correct,0.6,0.65,77
original,visual_calibrated,all,correct,0.65,0.7,34
original,visual_calibrated,all,correct,0.7,0.75,17
original,visual_calibrated,all,correct,0.75,0.8,6
original,visual_calibrated,all,correct,0.8,0.85,2
original,visual_calibrated,all,correct,0.85,0.9,2
original,visual_calibrated,all,correct,0.9,0.95,0
original,visual_calibrated,all,correct,0.95,1,0
original,visual_calibrated,all,wrong,0.5,0.55,129
original,visual_calibrated,all,wrong,0.55,0.6,81
original,visual_calibrated,all,wrong,0.6,0.65,46
original,visual_calibrated,all,wrong,0.65,0.7,19
original,visual_calibrated,all,wrong,0.7,0.75,8
original,visual_calibrated,all,wrong,0.75,0.8,3
original,visual_calibrated,all,wrong,0.8,0.85,0
original,visual_calibrated,all,wrong,0.85,0.9,1
original,visual_calibrated,all,wrong,0.9,0.95,0
original,visual_calibrated,all,wrong,0.95,1,0
original,visual_calibrated,authentic,correct,0.5,0.55,77
original,visual_calibrated,authentic,correct,0.55,0.6,67
original,visual_calibrated,authentic,correct,0.6,0.65,39
original,visual_calibrated,authentic,correct,0.65,0.7,14
original,visual_calibrated,authentic,correct,0.7,0.75,8
original,visual_calibrated,authentic,correct,0.75,0.8,3
original,visual_calibrated,authentic,correct,0.8,0.85,1
original,visual_calibrated,authentic,correct,0.85,0.9,0
original,visual_calibrated,authentic,correct,0.9,0.95,0
original,visual_calibrated,authentic,correct,0.95,1,0
original,visual_calibrated,authentic,wrong,0.5,0.55,51
original,visual_calibrated,authentic,wrong,0.55,0.6,40
original,visual_calibrated,authentic,wrong,0.6,0.65,25
original,visual_calibrated,authentic,wrong,0.65,0.7,10
original,visual_calibrated,authentic,wrong,0.7,0.75,4
original,visual_calibrated,authentic,wrong,0.75,0.8,1
original,visual_calibrated,authentic,wrong,0.8,0.85,0
original,visual_calibrated,authentic,wrong,0.85,0.9,1
original,visual_calibrated,authentic,wrong,0.9,0.95,0
original,visual_calibrated,authentic,wrong,0.95,1,0
original,visual_calibrated,ai_edited,correct,0.5,0.55,67
original,visual_calibrated,ai_edited,correct,0.55,0.6,46
original,visual_calibrated,ai_edited,correct,0.6,0.65,38
original,visual_calibrated,ai_edited,correct,0.65,0.7,20
original,visual_calibrated,ai_edited,correct,0.7,0.75,9
original,visual_calibrated,ai_edited,correct,0.75,0.8,3
original,visual_calibrated,ai_edited,correct,0.8,0.85,1
original,visual_calibrated,ai_edited,correct,0.85,0.9,2
original,visual_calibrated,ai_edited,correct,0.9,0.95,0
original,visual_calibrated,ai_edited,correct,0.95,1,0
original,visual_calibrated,ai_edited,wrong,0.5,0.55,78
original,visual_calibrated,ai_edited,wrong,0.55,0.6,41
original,visual_calibrated,ai_edited,wrong,0.6,0.65,21
original,visual_calibrated,ai_edited,wrong,0.65,0.7,9
original,visual_calibrated,ai_edited,wrong,0.7,0.75,4
original,visual_calibrated,ai_edited,wrong,0.75,0.8,2
original,visual_calibrated,ai_edited,wrong,0.8,0.85,0
original,visual_calibrated,ai_edited,wrong,0.85,0.9,0
original,visual_calibrated,ai_edited,wrong,0.9,0.95,0
original,visual_calibrated,ai_edited,wrong,0.95,1,0
jpeg_q95,visual_calibrated,all,correct,0.5,0.55,142
jpeg_q95,visual_calibrated,all,correct,0.55,0.6,112
jpeg_q95,visual_calibrated,all,correct,0.6,0.65,78
jpeg_q95,visual_calibrated,all,correct,0.65,0.7,37
jpeg_q95,visual_calibrated,all,correct,0.7,0.75,16
jpeg_q95,visual_calibrated,all,correct,0.75,0.8,7
jpeg_q95,visual_calibrated,all,correct,0.8,0.85,1
jpeg_q95,visual_calibrated,all,correct,0.85,0.9,2
jpeg_q95,visual_calibrated,all,correct,0.9,0.95,0
jpeg_q95,visual_calibrated,all,correct,0.95,1,0
jpeg_q95,visual_calibrated,all,wrong,0.5,0.55,129
jpeg_q95,visual_calibrated,all,wrong,0.55,0.6,82
jpeg_q95,visual_calibrated,all,wrong,0.6,0.65,45
jpeg_q95,visual_calibrated,all,wrong,0.65,0.7,19
jpeg_q95,visual_calibrated,all,wrong,0.7,0.75,8
jpeg_q95,visual_calibrated,all,wrong,0.75,0.8,3
jpeg_q95,visual_calibrated,all,wrong,0.8,0.85,0
jpeg_q95,visual_calibrated,all,wrong,0.85,0.9,1
jpeg_q95,visual_calibrated,all,wrong,0.9,0.95,0
jpeg_q95,visual_calibrated,all,wrong,0.95,1,0
jpeg_q95,visual_calibrated,authentic,correct,0.5,0.55,75
jpeg_q95,visual_calibrated,authentic,correct,0.55,0.6,66
jpeg_q95,visual_calibrated,authentic,correct,0.6,0.65,39
jpeg_q95,visual_calibrated,authentic,correct,0.65,0.7,17
jpeg_q95,visual_calibrated,authentic,correct,0.7,0.75,7
jpeg_q95,visual_calibrated,authentic,correct,0.75,0.8,3
jpeg_q95,visual_calibrated,authentic,correct,0.8,0.85,1
jpeg_q95,visual_calibrated,authentic,correct,0.85,0.9,0
jpeg_q95,visual_calibrated,authentic,correct,0.9,0.95,0
jpeg_q95,visual_calibrated,authentic,correct,0.95,1,0
jpeg_q95,visual_calibrated,authentic,wrong,0.5,0.55,53
jpeg_q95,visual_calibrated,authentic,wrong,0.55,0.6,39
jpeg_q95,visual_calibrated,authentic,wrong,0.6,0.65,25
jpeg_q95,visual_calibrated,authentic,wrong,0.65,0.7,10
jpeg_q95,visual_calibrated,authentic,wrong,0.7,0.75,4
jpeg_q95,visual_calibrated,authentic,wrong,0.75,0.8,1
jpeg_q95,visual_calibrated,authentic,wrong,0.8,0.85,0
jpeg_q95,visual_calibrated,authentic,wrong,0.85,0.9,1
jpeg_q95,visual_calibrated,authentic,wrong,0.9,0.95,0
jpeg_q95,visual_calibrated,authentic,wrong,0.95,1,0
jpeg_q95,visual_calibrated,ai_edited,correct,0.5,0.55,67
jpeg_q95,visual_calibrated,ai_edited,correct,0.55,0.6,46
jpeg_q95,visual_calibrated,ai_edited,correct,0.6,0.65,39
jpeg_q95,visual_calibrated,ai_edited,correct,0.65,0.7,20
jpeg_q95,visual_calibrated,ai_edited,correct,0.7,0.75,9
jpeg_q95,visual_calibrated,ai_edited,correct,0.75,0.8,4
jpeg_q95,visual_calibrated,ai_edited,correct,0.8,0.85,0
jpeg_q95,visual_calibrated,ai_edited,correct,0.85,0.9,2
jpeg_q95,visual_calibrated,ai_edited,correct,0.9,0.95,0
jpeg_q95,visual_calibrated,ai_edited,correct,0.95,1,0
jpeg_q95,visual_calibrated,ai_edited,wrong,0.5,0.55,76
jpeg_q95,visual_calibrated,ai_edited,wrong,0.55,0.6,43
jpeg_q95,visual_calibrated,ai_edited,wrong,0.6,0.65,20
jpeg_q95,visual_calibrated,ai_edited,wrong,0.65,0.7,9
jpeg_q95,visual_calibrated,ai_edited,wrong,0.7,0.75,4
jpeg_q95,visual_calibrated,ai_edited,wrong,0.75,0.8,2
jpeg_q95,visual_calibrated,ai_edited,wrong,0.8,0.85,0
jpeg_q95,visual_calibrated,ai_edited,wrong,0.85,0.9,0
jpeg_q95,visual_calibrated,ai_edited,wrong,0.9,0.95,0
jpeg_q95,visual_calibrated,ai_edited,wrong,0.95,1,0
jpeg_q75,visual_calibrated,all,correct,0.5,0.55,145
jpeg_q75,visual_calibrated,all,correct,0.55,0.6,109
jpeg_q75,visual_calibrated,all,correct,0.6,0.65,80
jpeg_q75,visual_calibrated,all,correct,0.65,0.7,39
jpeg_q75,visual_calibrated,all,correct,0.7,0.75,13
jpeg_q75,visual_calibrated,all,correct,0.75,0.8,7
jpeg_q75,visual_calibrated,all,correct,0.8,0.85,2
jpeg_q75,visual_calibrated,all,correct,0.85,0.9,1
jpeg_q75,visual_calibrated,all,correct,0.9,0.95,0
jpeg_q75,visual_calibrated,all,correct,0.95,1,0
jpeg_q75,visual_calibrated,all,wrong,0.5,0.55,124
jpeg_q75,visual_calibrated,all,wrong,0.55,0.6,84
jpeg_q75,visual_calibrated,all,wrong,0.6,0.65,50
jpeg_q75,visual_calibrated,all,wrong,0.65,0.7,16
jpeg_q75,visual_calibrated,all,wrong,0.7,0.75,8
jpeg_q75,visual_calibrated,all,wrong,0.75,0.8,3
jpeg_q75,visual_calibrated,all,wrong,0.8,0.85,0
jpeg_q75,visual_calibrated,all,wrong,0.85,0.9,1
jpeg_q75,visual_calibrated,all,wrong,0.9,0.95,0
jpeg_q75,visual_calibrated,all,wrong,0.95,1,0
jpeg_q75,visual_calibrated,authentic,correct,0.5,0.55,79
jpeg_q75,visual_calibrated,authentic,correct,0.55,0.6,62
jpeg_q75,visual_calibrated,authentic,correct,0.6,0.65,42
jpeg_q75,visual_calibrated,authentic,correct,0.65,0.7,17
jpeg_q75,visual_calibrated,authentic,correct,0.7,0.75,6
jpeg_q75,visual_calibrated,authentic,correct,0.75,0.8,3
jpeg_q75,visual_calibrated,authentic,correct,0.8,0.85,1
jpeg_q75,visual_calibrated,authentic,correct,0.85,0.9,0
jpeg_q75,visual_calibrated,authentic,correct,0.9,0.95,0
jpeg_q75,visual_calibrated,authentic,correct,0.95,1,0
jpeg_q75,visual_calibrated,authentic,wrong,0.5,0.55,52
jpeg_q75,visual_calibrated,authentic,wrong,0.55,0.6,38
jpeg_q75,visual_calibrated,authentic,wrong,0.6,0.65,28
jpeg_q75,visual_calibrated,authentic,wrong,0.65,0.7,7
jpeg_q75,visual_calibrated,authentic,wrong,0.7,0.75,4
jpeg_q75,visual_calibrated,authentic,wrong,0.75,0.8,1
jpeg_q75,visual_calibrated,authentic,wrong,0.8,0.85,0
jpeg_q75,visual_calibrated,authentic,wrong,0.85,0.9,1
jpeg_q75,visual_calibrated,authentic,wrong,0.9,0.95,0
jpeg_q75,visual_calibrated,authentic,wrong,0.95,1,0
jpeg_q75,visual_calibrated,ai_edited,correct,0.5,0.55,66
jpeg_q75,visual_calibrated,ai_edited,correct,0.55,0.6,47
jpeg_q75,visual_calibrated,ai_edited,correct,0.6,0.65,38
jpeg_q75,visual_calibrated,ai_edited,correct,0.65,0.7,22
jpeg_q75,visual_calibrated,ai_edited,correct,0.7,0.75,7
jpeg_q75,visual_calibrated,ai_edited,correct,0.75,0.8,4
jpeg_q75,visual_calibrated,ai_edited,correct,0.8,0.85,1
jpeg_q75,visual_calibrated,ai_edited,correct,0.85,0.9,1
jpeg_q75,visual_calibrated,ai_edited,correct,0.9,0.95,0
jpeg_q75,visual_calibrated,ai_edited,correct,0.95,1,0
jpeg_q75,visual_calibrated,ai_edited,wrong,0.5,0.55,72
jpeg_q75,visual_calibrated,ai_edited,wrong,0.55,0.6,46
jpeg_q75,visual_calibrated,ai_edited,wrong,0.6,0.65,22
jpeg_q75,visual_calibrated,ai_edited,wrong,0.65,0.7,9
jpeg_q75,visual_calibrated,ai_edited,wrong,0.7,0.75,4
jpeg_q75,visual_calibrated,ai_edited,wrong,0.75,0.8,2
jpeg_q75,visual_calibrated,ai_edited,wrong,0.8,0.85,0
jpeg_q75,visual_calibrated,ai_edited,wrong,0.85,0.9,0
jpeg_q75,visual_calibrated,ai_edited,wrong,0.9,0.95,0
jpeg_q75,visual_calibrated,ai_edited,wrong,0.95,1,0
jpeg_q50,visual_calibrated,all,correct,0.5,0.55,145
jpeg_q50,visual_calibrated,all,correct,0.55,0.6,112
jpeg_q50,visual_calibrated,all,correct,0.6,0.65,75
jpeg_q50,visual_calibrated,all,correct,0.65,0.7,39
jpeg_q50,visual_calibrated,all,correct,0.7,0.75,14
jpeg_q50,visual_calibrated,all,correct,0.75,0.8,6
jpeg_q50,visual_calibrated,all,correct,0.8,0.85,1
jpeg_q50,visual_calibrated,all,correct,0.85,0.9,2
jpeg_q50,visual_calibrated,all,correct,0.9,0.95,0
jpeg_q50,visual_calibrated,all,correct,0.95,1,0
jpeg_q50,visual_calibrated,all,wrong,0.5,0.55,129
jpeg_q50,visual_calibrated,all,wrong,0.55,0.6,81
jpeg_q50,visual_calibrated,all,wrong,0.6,0.65,50
jpeg_q50,visual_calibrated,all,wrong,0.65,0.7,17
jpeg_q50,visual_calibrated,all,wrong,0.7,0.75,7
jpeg_q50,visual_calibrated,all,wrong,0.75,0.8,3
jpeg_q50,visual_calibrated,all,wrong,0.8,0.85,0
jpeg_q50,visual_calibrated,all,wrong,0.85,0.9,1
jpeg_q50,visual_calibrated,all,wrong,0.9,0.95,0
jpeg_q50,visual_calibrated,all,wrong,0.95,1,0
jpeg_q50,visual_calibrated,authentic,correct,0.5,0.55,79
jpeg_q50,visual_calibrated,authentic,correct,0.55,0.6,62
jpeg_q50,visual_calibrated,authentic,correct,0.6,0.65,42
jpeg_q50,visual_calibrated,authentic,correct,0.65,0.7,16
jpeg_q50,visual_calibrated,authentic,correct,0.7,0.75,7
jpeg_q50,visual_calibrated,authentic,correct,0.75,0.8,2
jpeg_q50,visual_calibrated,authentic,correct,0.8,0.85,1
jpeg_q50,visual_calibrated,authentic,correct,0.85,0.9,0
jpeg_q50,visual_calibrated,authentic,correct,0.9,0.95,0
jpeg_q50,visual_calibrated,authentic,correct,0.95,1,0
jpeg_q50,visual_calibrated,authentic,wrong,0.5,0.55,53
jpeg_q50,visual_calibrated,authentic,wrong,0.55,0.6,38
jpeg_q50,visual_calibrated,authentic,wrong,0.6,0.65,25
jpeg_q50,visual_calibrated,authentic,wrong,0.65,0.7,11
jpeg_q50,visual_calibrated,authentic,wrong,0.7,0.75,3
jpeg_q50,visual_calibrated,authentic,wrong,0.75,0.8,1
jpeg_q50,visual_calibrated,authentic,wrong,0.8,0.85,0
jpeg_q50,visual_calibrated,authentic,wrong,0.85,0.9,1
jpeg_q50,visual_calibrated,authentic,wrong,0.9,0.95,0
jpeg_q50,visual_calibrated,authentic,wrong,0.95,1,0
jpeg_q50,visual_calibrated,ai_edited,correct,0.5,0.55,66
jpeg_q50,visual_calibrated,ai_edited,correct,0.55,0.6,50
jpeg_q50,visual_calibrated,ai_edited,correct,0.6,0.65,33
jpeg_q50,visual_calibrated,ai_edited,correct,0.65,0.7,23
jpeg_q50,visual_calibrated,ai_edited,correct,0.7,0.75,7
jpeg_q50,visual_calibrated,ai_edited,correct,0.75,0.8,4
jpeg_q50,visual_calibrated,ai_edited,correct,0.8,0.85,0
jpeg_q50,visual_calibrated,ai_edited,correct,0.85,0.9,2
jpeg_q50,visual_calibrated,ai_edited,correct,0.9,0.95,0
jpeg_q50,visual_calibrated,ai_edited,correct,0.95,1,0
jpeg_q50,visual_calibrated,ai_edited,wrong,0.5,0.55,76
jpeg_q50,visual_calibrated,ai_edited,wrong,0.55,0.6,43
jpeg_q50,visual_calibrated,ai_edited,wrong,0.6,0.65,25
jpeg_q50,visual_calibrated,ai_edited,wrong,0.65,0.7,6
jpeg_q50,visual_calibrated,ai_edited,wrong,0.7,0.75,4
jpeg_q50,visual_calibrated,ai_edited,wrong,0.75,0.8,2
jpeg_q50,visual_calibrated,ai_edited,wrong,0.8,0.85,0
jpeg_q50,visual_calibrated,ai_edited,wrong,0.85,0.9,0
jpeg_q50,visual_calibrated,ai_edited,wrong,0.9,0.95,0
jpeg_q50,visual_calibrated,ai_edited,wrong,0.95,1,0
resize_0.5,visual_calibrated,all,correct,0.5,0.55,143
resize_0.5,visual_calibrated,all,correct,0.55,0.6,107
resize_0.5,visual_calibrated,all,correct,0.6,0.65,82
resize_0.5,visual_calibrated,all,correct,0.65,0.7,37
resize_0.5,visual_calibrated,all,correct,0.7,0.75,17
resize_0.5,visual_calibrated,all,correct,0.75,0.8,6
resize_0.5,visual_calibrated,all,correct,0.8,0.85,2
resize_0.5,visual_calibrated,all,correct,0.85,0.9,1
resize_0.5,visual_calibrated,all,correct,0.9,0.95,0
resize_0.5,visual_calibrated,all,correct,0.95,1,0
resize_0.5,visual_calibrated,all,wrong,0.5,0.55,126
resize_0.5,visual_calibrated,all,wrong,0.55,0.6,83
resize_0.5,visual_calibrated,all,wrong,0.6,0.65,47
resize_0.5,visual_calibrated,all,wrong,0.65,0.7,19
resize_0.5,visual_calibrated,all,wrong,0.7,0.75,8
resize_0.5,visual_calibrated,all,wrong,0.75,0.8,3
resize_0.5,visual_calibrated,all,wrong,0.8,0.85,0
resize_0.5,visual_calibrated,all,wrong,0.85,0.9,1
resize_0.5,visual_calibrated,all,wrong,0.9,0.95,0
resize_0.5,visual_calibrated,all,wrong,0.95,1,0
resize_0.5,visual_calibrated,authentic,correct,0.5,0.55,77
resize_0.5,visual_calibrated,authentic,correct,0.55,0.6,63
resize_0.5,visual_calibrated,authentic,correct,0.6,0.65,42
resize_0.5,visual_calibrated,authentic,correct,0.65,0.7,16
resize_0.5,visual_calibrated,authentic,correct,0.7,0.75,8
resize_0.5,visual_calibrated,authentic,correct,0.75,0.8,2
resize_0.5,visual_calibrated,authentic,correct,0.8,0.85,1
resize_0.5,visual_calibrated,authentic,correct,0.85,0.9,0
resize_0.5,visual_calibrated,authentic,correct,0.9,0.95,0
resize_0.5,visual_calibrated,authentic,correct,0.95,1,0
resize_0.5,visual_calibrated,authentic,wrong,0.5,0.55,51
resize_0.5,visual_calibrated,authentic,wrong,0.55,0.6,39
resize_0.5,visual_calibrated,authentic,wrong,0.6,0.65,26
resize_0.5,visual_calibrated,authentic,wrong,0.65,0.7,10
resize_0.5,visual_calibrated,authentic,wrong,0.7,0.75,4
resize_0.5,visual_calibrated,authentic,wrong,0.75,0.8,1
resize_0.5,visual_calibrated,authentic,wrong,0.8,0.85,0
resize_0.5,visual_calibrated,authentic,wrong,0.85,0.9,1
resize_0.5,visual_calibrated,authentic,wrong,0.9,0.95,0
resize_0.5,visual_calibrated,authentic,wrong,0.95,1,0
resize_0.5,visual_calibrated,ai_edited,correct,0.5,0.55,66
resize_0.5,visual_calibrated,ai_edited,correct,0.55,0.6,44
resize_0.5,visual_calibrated,ai_edited,correct,0.6,0.65,40
resize_0.5,visual_calibrated,ai_edited,correct,0.65,0.7,21
resize_0.5,visual_calibrated,ai_edited,correct,0.7,0.75,9
resize_0.5,visual_calibrated,ai_edited,correct,0.75,0.8,4
resize_0.5,visual_calibrated,ai_edited,correct,0.8,0.85,1
resize_0.5,visual_calibrated,ai_edited,correct,0.85,0.9,1
resize_0.5,visual_calibrated,ai_edited,correct,0.9,0.95,0
resize_0.5,visual_calibrated,ai_edited,correct,0.95,1,0
resize_0.5,visual_calibrated,ai_edited,wrong,0.5,0.55,75
resize_0.5,visual_calibrated,ai_edited,wrong,0.55,0.6,44
resize_0.5,visual_calibrated,ai_edited,wrong,0.6,0.65,21
resize_0.5,visual_calibrated,ai_edited,wrong,0.65,0.7,9
resize_0.5,visual_calibrated,ai_edited,wrong,0.7,0.75,4
resize_0.5,visual_calibrated,ai_edited,wrong,0.75,0.8,2
resize_0.5,visual_calibrated,ai_edited,wrong,0.8,0.85,0
resize_0.5,visual_calibrated,ai_edited,wrong,0.85,0.9,0
resize_0.5,visual_calibrated,ai_edited,wrong,0.9,0.95,0
resize_0.5,visual_calibrated,ai_edited,wrong,0.95,1,0
resize_0.5_jpeg_q75,visual_calibrated,all,correct,0.5,0.55,147
resize_0.5_jpeg_q75,visual_calibrated,all,correct,0.55,0.6,109
resize_0.5_jpeg_q75,visual_calibrated,all,correct,0.6,0.65,85
resize_0.5_jpeg_q75,visual_calibrated,all,correct,0.65,0.7,30
resize_0.5_jpeg_q75,visual_calibrated,all,correct,0.7,0.75,16
resize_0.5_jpeg_q75,visual_calibrated,all,correct,0.75,0.8,7
resize_0.5_jpeg_q75,visual_calibrated,all,correct,0.8,0.85,2
resize_0.5_jpeg_q75,visual_calibrated,all,correct,0.85,0.9,1
resize_0.5_jpeg_q75,visual_calibrated,all,correct,0.9,0.95,0
resize_0.5_jpeg_q75,visual_calibrated,all,correct,0.95,1,0
resize_0.5_jpeg_q75,visual_calibrated,all,wrong,0.5,0.55,122
resize_0.5_jpeg_q75,visual_calibrated,all,wrong,0.55,0.6,85
resize_0.5_jpeg_q75,visual_calibrated,all,wrong,0.6,0.65,49
resize_0.5_jpeg_q75,visual_calibrated,all,wrong,0.65,0.7,19
resize_0.5_jpeg_q75,visual_calibrated,all,wrong,0.7,0.75,6
resize_0.5_jpeg_q75,visual_calibrated,all,wrong,0.75,0.8,3
resize_0.5_jpeg_q75,visual_calibrated,all,wrong,0.8,0.85,0
resize_0.5_jpeg_q75,visual_calibrated,all,wrong,0.85,0.9,1
resize_0.5_jpeg_q75,visual_calibrated,all,wrong,0.9,0.95,0
resize_0.5_jpeg_q75,visual_calibrated,all,wrong,0.95,1,0
resize_0.5_jpeg_q75,visual_calibrated,authentic,correct,0.5,0.55,79
resize_0.5_jpeg_q75,visual_calibrated,authentic,correct,0.55,0.6,64
resize_0.5_jpeg_q75,visual_calibrated,authentic,correct,0.6,0.65,44
resize_0.5_jpeg_q75,visual_calibrated,authentic,correct,0.65,0.7,13
resize_0.5_jpeg_q75,visual_calibrated,authentic,correct,0.7,0.75,8
resize_0.5_jpeg_q75,visual_calibrated,authentic,correct,0.75,0.8,3
resize_0.5_jpeg_q75,visual_calibrated,authentic,correct,0.8,0.85,1
resize_0.5_jpeg_q75,visual_calibrated,authentic,correct,0.85,0.9,0
resize_0.5_jpeg_q75,visual_calibrated,authentic,correct,0.9,0.95,0
resize_0.5_jpeg_q75,visual_calibrated,authentic,correct,0.95,1,0
resize_0.5_jpeg_q75,visual_calibrated,authentic,wrong,0.5,0.55,51
resize_0.5_jpeg_q75,visual_calibrated,authentic,wrong,0.55,0.6,37
resize_0.5_jpeg_q75,visual_calibrated,authentic,wrong,0.6,0.65,26
resize_0.5_jpeg_q75,visual_calibrated,authentic,wrong,0.65,0.7,11
resize_0.5_jpeg_q75,visual_calibrated,authentic,wrong,0.7,0.75,2
resize_0.5_jpeg_q75,visual_calibrated,authentic,wrong,0.75,0.8,1
resize_0.5_jpeg_q75,visual_calibrated,authentic,wrong,0.8,0.85,0
resize_0.5_jpeg_q75,visual_calibrated,authentic,wrong,0.85,0.9,1
resize_0.5_jpeg_q75,visual_calibrated,authentic,wrong,0.9,0.95,0
resize_0.5_jpeg_q75,visual_calibrated,authentic,wrong,0.95,1,0
resize_0.5_jpeg_q75,visual_calibrated,ai_edited,correct,0.5,0.55,68
resize_0.5_jpeg_q75,visual_calibrated,ai_edited,correct,0.55,0.6,45
resize_0.5_jpeg_q75,visual_calibrated,ai_edited,correct,0.6,0.65,41
resize_0.5_jpeg_q75,visual_calibrated,ai_edited,correct,0.65,0.7,17
resize_0.5_jpeg_q75,visual_calibrated,ai_edited,correct,0.7,0.75,8
resize_0.5_jpeg_q75,visual_calibrated,ai_edited,correct,0.75,0.8,4
resize_0.5_jpeg_q75,visual_calibrated,ai_edited,correct,0.8,0.85,1
resize_0.5_jpeg_q75,visual_calibrated,ai_edited,correct,0.85,0.9,1
resize_0.5_jpeg_q75,visual_calibrated,ai_edited,correct,0.9,0.95,0
resize_0.5_jpeg_q75,visual_calibrated,ai_edited,correct,0.95,1,0
resize_0.5_jpeg_q75,visual_calibrated,ai_edited,wrong,0.5,0.55,71
resize_0.5_jpeg_q75,visual_calibrated,ai_edited,wrong,0.55,0.6,48
resize_0.5_jpeg_q75,visual_calibrated,ai_edited,wrong,0.6,0.65,23
resize_0.5_jpeg_q75,visual_calibrated,ai_edited,wrong,0.65,0.7,8
resize_0.5_jpeg_q75,visual_calibrated,ai_edited,wrong,0.7,0.75,4
resize_0.5_jpeg_q75,visual_calibrated,ai_edited,wrong,0.75,0.8,2
resize_0.5_jpeg_q75,visual_calibrated,ai_edited,wrong,0.8,0.85,0
resize_0.5_jpeg_q75,visual_calibrated,ai_edited,wrong,0.85,0.9,0
resize_0.5_jpeg_q75,visual_calibrated,ai_edited,wrong,0.9,0.95,0
resize_0.5_jpeg_q75,visual_calibrated,ai_edited,wrong,0.95,1,0
