condition,recipe,outer_fold,class,n,orig_tn,orig_fp,orig_fn,orig_tp,orig_coverage,orig_selective_accuracy,orig_high_conf_errors,orig_mean_confidence,orig_mean_probability_ai_edited,cond_tn,cond_fp,cond_fn,cond_tp,cond_coverage,cond_selective_accuracy,cond_high_conf_errors,cond_mean_confidence,cond_mean_probability_ai_edited,correct_to_correct,correct_to_wrong,wrong_to_correct,wrong_to_wrong,pred_authentic_to_ai_edited,pred_ai_edited_to_authentic
jpeg_q95,late_fusion_stacked,0,all,138,49,20,34,35,0.2028985507,0.7142857143,8,0.5979830171,0.4862691112,52,17,36,33,0.2028985507,0.6428571429,10,0.5987684357,0.4762750034,82,2,3,51,0,5
jpeg_q95,late_fusion_stacked,0,authentic,69,49,20,0,0,0.1739130435,0.75,3,0.5930502356,0.4571993933,52,17,0,0,0.1739130435,0.75,3,0.5954663326,0.4494396007,49,0,3,17,0,3
jpeg_q95,late_fusion_stacked,0,ai_edited,69,0,0,34,35,0.231884058,0.6875,5,0.6029157987,0.5153388292,0,0,36,33,0.231884058,0.5625,7,0.6020705388,0.5031104061,33,2,0,34,0,2
jpeg_q95,late_fusion_stacked,1,all,136,43,25,25,43,0.1617647059,0.5909090909,9,0.5794919038,0.4954039025,48,20,34,34,0.1470588235,0.6,8,0.5802054784,0.4835321175,77,9,5,45,0,14
jpeg_q95,late_fusion_stacked,1,authentic,68,43,25,0,0,0.1470588235,0.7,3,0.5780367466,0.4729680001,48,20,0,0,0.1470588235,0.8,2,0.5810732864,0.4641319988,43,0,5,20,0,5
jpeg_q95,late_fusion_stacked,1,ai_edited,68,0,0,25,43,0.1764705882,0.5,6,0.5809470609,0.517839805,0,0,34,34,0.1470588235,0.4,6,0.5793376704,0.5029322362,34,9,0,25,0,9
jpeg_q95,late_fusion_stacked,2,all,136,33,35,22,46,0.2647058824,0.6666666667,12,0.6033904626,0.5290269975,37,31,27,41,0.2647058824,0.6666666667,12,0.6009120783,0.512088515,74,5,4,53,0,9
jpeg_q95,late_fusion_stacked,2,authentic,68,33,35,0,0,0.2941176471,0.4,12,0.6065247288,0.5036811543,37,31,0,0,0.3088235294,0.5238095238,10,0.6078112789,0.4901414496,33,0,4,31,0,4
jpeg_q95,late_fusion_stacked,2,ai_edited,68,0,0,22,46,0.2352941176,1,0,0.6002561965,0.5543728407,0,0,27,41,0.2205882353,0.8666666667,2,0.5940128776,0.5340355804,41,5,0,22,0,5
jpeg_q95,late_fusion_stacked,3,all,136,40,28,27,41,0.08088235294,0.7272727273,3,0.5748167635,0.5037306035,41,27,28,40,0.08823529412,0.75,3,0.5747534118,0.4990810301,80,1,1,54,0,2
jpeg_q95,late_fusion_stacked,3,authentic,68,40,28,0,0,0.08823529412,0.6666666667,2,0.575605914,0.4828104292,41,27,0,0,0.1029411765,0.7142857143,2,0.5765509177,0.479351612,40,0,1,27,0,1
jpeg_q95,late_fusion_stacked,3,ai_edited,68,0,0,27,41,0.07352941176,0.8,1,0.574027613,0.5246507778,0,0,28,40,0.07352941176,0.8,1,0.5729559059,0.5188104483,40,1,0,27,0,1
jpeg_q95,late_fusion_stacked,4,all,136,44,24,31,37,0.2279411765,0.6774193548,10,0.5975480507,0.4954002072,45,23,33,35,0.2279411765,0.7096774194,9,0.5977734559,0.4852354586,79,2,1,54,0,3
jpeg_q95,late_fusion_stacked,4,authentic,68,44,24,0,0,0.2058823529,0.6428571429,5,0.5953520874,0.4713475195,45,23,0,0,0.2205882353,0.7333333333,4,0.5966962647,0.4638499708,44,0,1,23,0,1
jpeg_q95,late_fusion_stacked,4,ai_edited,68,0,0,31,37,0.25,0.7058823529,5,0.599744014,0.5194528949,0,0,33,35,0.2352941176,0.6875,5,0.5988506471,0.5066209464,35,2,0,31,0,2
jpeg_q95,late_fusion_stacked,all,all,682,209,132,139,202,0.1876832845,0.671875,42,0.5906675556,0.501920132,223,118,158,183,0.1862170088,0.6692913386,42,0.5905068707,0.4911985322,392,19,14,257,0,33
jpeg_q95,late_fusion_stacked,all,authentic,341,209,132,0,0,0.1818181818,0.5967741935,25,0.5897237263,0.4775414696,223,118,0,0,0.1906158358,0.6769230769,21,0.59153119,0.4693244415,209,0,14,118,0,14
jpeg_q95,late_fusion_stacked,all,ai_edited,341,0,0,139,202,0.1935483871,0.7424242424,17,0.5916113849,0.5262987943,0,0,158,183,0.1818181818,0.6612903226,21,0.5894825515,0.5130726228,183,19,0,139,0,19
jpeg_q75,late_fusion_stacked,0,all,138,49,20,34,35,0.2028985507,0.7142857143,8,0.5979830171,0.4862691112,65,4,61,8,0.6666666667,0.6086956522,36,0.6807227785,0.3317008727,57,27,16,38,0,43
jpeg_q75,late_fusion_stacked,0,authentic,69,49,20,0,0,0.1739130435,0.75,3,0.5930502356,0.4571993933,65,4,0,0,0.7826086957,1,0,0.6955866694,0.3088811036,49,0,16,4,0,16
jpeg_q75,late_fusion_stacked,0,ai_edited,69,0,0,34,35,0.231884058,0.6875,5,0.6029157987,0.5153388292,0,0,61,8,0.5507246377,0.05263157895,36,0.6658588876,0.3545206418,8,27,0,34,0,27
jpeg_q75,late_fusion_stacked,1,all,136,43,25,25,43,0.1617647059,0.5909090909,9,0.5794919038,0.4954039025,67,1,65,3,0.7426470588,0.5346534653,47,0.7039998133,0.3016228351,46,40,24,26,0,64
jpeg_q75,late_fusion_stacked,1,authentic,68,43,25,0,0,0.1470588235,0.7,3,0.5780367466,0.4729680001,67,1,0,0,0.7794117647,1,0,0.7165607659,0.2877038562,43,0,24,1,0,24
jpeg_q75,late_fusion_stacked,1,ai_edited,68,0,0,25,43,0.1764705882,0.5,6,0.5809470609,0.517839805,0,0,65,3,0.7058823529,0.02083333333,47,0.6914388607,0.3155418139,3,40,0,25,0,40
jpeg_q75,late_fusion_stacked,2,all,136,33,35,22,46,0.2647058824,0.6666666667,12,0.6033904626,0.5290269975,66,2,64,4,0.75,0.5294117647,48,0.724728571,0.2893526686,36,43,34,23,1,76
jpeg_q75,late_fusion_stacked,2,authentic,68,33,35,0,0,0.2941176471,0.4,12,0.6065247288,0.5036811543,66,2,0,0,0.7941176471,0.9814814815,1,0.742776909,0.2728094364,33,0,33,2,0,33
jpeg_q75,late_fusion_stacked,2,ai_edited,68,0,0,22,46,0.2352941176,1,0,0.6002561965,0.5543728407,0,0,64,4,0.7058823529,0.02083333333,47,0.7066802329,0.3058959008,3,43,1,21,1,43
jpeg_q75,late_fusion_stacked,3,all,136,40,28,27,41,0.08088235294,0.7272727273,3,0.5748167635,0.5037306035,53,15,48,20,0.2058823529,0.6785714286,9,0.5913064303,0.4350995518,60,21,13,42,0,34
jpeg_q75,late_fusion_stacked,3,authentic,68,40,28,0,0,0.08823529412,0.6666666667,2,0.575605914,0.4828104292,53,15,0,0,0.2647058824,1,0,0.6026813607,0.4165714475,40,0,13,15,0,13
jpeg_q75,late_fusion_stacked,3,ai_edited,68,0,0,27,41,0.07352941176,0.8,1,0.574027613,0.5246507778,0,0,48,20,0.1470588235,0.1,9,0.5799314999,0.4536276561,20,21,0,27,0,21
jpeg_q75,late_fusion_stacked,4,all,136,44,24,31,37,0.2279411765,0.6774193548,10,0.5975480507,0.4954002072,64,4,58,10,0.5808823529,0.5316455696,37,0.6762682258,0.3460125611,54,27,20,35,0,47
jpeg_q75,late_fusion_stacked,4,authentic,68,44,24,0,0,0.2058823529,0.6428571429,5,0.5953520874,0.4713475195,64,4,0,0,0.6029411765,0.9756097561,1,0.6829123449,0.329261656,44,0,20,4,0,20
jpeg_q75,late_fusion_stacked,4,ai_edited,68,0,0,31,37,0.25,0.7058823529,5,0.599744014,0.5194528949,0,0,58,10,0.5588235294,0.05263157895,36,0.6696241066,0.3627634662,10,27,0,31,0,27
jpeg_q75,late_fusion_stacked,all,all,682,209,132,139,202,0.1876832845,0.671875,42,0.5906675556,0.501920132,315,26,296,45,0.5894428152,0.5597014925,177,0.6754207579,0.3407311382,253,158,107,164,1,264
jpeg_q75,late_fusion_stacked,all,authentic,341,209,132,0,0,0.1818181818,0.5967741935,25,0.5897237263,0.4775414696,315,26,0,0,0.6451612903,0.9909090909,2,0.6881255544,0.3230039621,209,0,106,26,0,106
jpeg_q75,late_fusion_stacked,all,ai_edited,341,0,0,139,202,0.1935483871,0.7424242424,17,0.5916113849,0.5262987943,0,0,296,45,0.5337243402,0.03846153846,175,0.6627159614,0.3584583144,44,158,1,138,1,158
jpeg_q50,late_fusion_stacked,0,all,138,49,20,34,35,0.2028985507,0.7142857143,8,0.5979830171,0.4862691112,68,1,65,4,0.8550724638,0.5254237288,56,0.7640981936,0.2402368195,53,31,19,35,0,50
jpeg_q50,late_fusion_stacked,0,authentic,69,49,20,0,0,0.1739130435,0.75,3,0.5930502356,0.4571993933,68,1,0,0,0.8985507246,1,0,0.7812579896,0.2193254792,49,0,19,1,0,19
jpeg_q50,late_fusion_stacked,0,ai_edited,69,0,0,34,35,0.231884058,0.6875,5,0.6029157987,0.5153388292,0,0,65,4,0.8115942029,0,56,0.7469383976,0.2611481598,4,31,0,34,0,31
jpeg_q50,late_fusion_stacked,1,all,136,43,25,25,43,0.1617647059,0.5909090909,9,0.5794919038,0.4954039025,68,0,68,0,0.9117647059,0.5161290323,60,0.8162550628,0.1837449372,43,43,25,25,0,68
jpeg_q50,late_fusion_stacked,1,authentic,68,43,25,0,0,0.1470588235,0.7,3,0.5780367466,0.4729680001,68,0,0,0,0.9411764706,1,0,0.8296341389,0.1703658611,43,0,25,0,0,25
jpeg_q50,late_fusion_stacked,1,ai_edited,68,0,0,25,43,0.1764705882,0.5,6,0.5809470609,0.517839805,0,0,68,0,0.8823529412,0,60,0.8028759867,0.1971240133,0,43,0,25,0,43
jpeg_q50,late_fusion_stacked,2,all,136,33,35,22,46,0.2647058824,0.6666666667,12,0.6033904626,0.5290269975,62,6,61,7,0.9411764706,0.5,64,0.8028213116,0.2343380524,36,43,33,24,4,72
jpeg_q50,late_fusion_stacked,2,authentic,68,33,35,0,0,0.2941176471,0.4,12,0.6065247288,0.5036811543,62,6,0,0,0.9558823529,0.9230769231,5,0.8149437918,0.2242959977,31,2,31,4,2,31
jpeg_q50,late_fusion_stacked,2,ai_edited,68,0,0,22,46,0.2352941176,1,0,0.6002561965,0.5543728407,0,0,61,7,0.9264705882,0.06349206349,59,0.7906988314,0.2443801072,5,41,2,20,2,41
jpeg_q50,late_fusion_stacked,3,all,136,40,28,27,41,0.08088235294,0.7272727273,3,0.5748167635,0.5037306035,64,4,57,11,0.3235294118,0.5909090909,18,0.6161022869,0.3928476271,51,30,24,31,0,54
jpeg_q50,late_fusion_stacked,3,authentic,68,40,28,0,0,0.08823529412,0.6666666667,2,0.575605914,0.4828104292,64,4,0,0,0.3823529412,1,0,0.6303207642,0.3748749204,40,0,24,4,0,24
jpeg_q50,late_fusion_stacked,3,ai_edited,68,0,0,27,41,0.07352941176,0.8,1,0.574027613,0.5246507778,0,0,57,11,0.2647058824,0,18,0.6018838096,0.4108203338,11,30,0,27,0,30
jpeg_q50,late_fusion_stacked,4,all,136,44,24,31,37,0.2279411765,0.6774193548,10,0.5975480507,0.4954002072,67,1,64,4,0.8382352941,0.5263157895,54,0.7488069651,0.2598306745,48,33,23,32,0,56
jpeg_q50,late_fusion_stacked,4,authentic,68,44,24,0,0,0.2058823529,0.6428571429,5,0.5953520874,0.4713475195,67,1,0,0,0.8823529412,0.9833333333,1,0.7624398457,0.2431552607,44,0,23,1,0,23
jpeg_q50,late_fusion_stacked,4,ai_edited,68,0,0,31,37,0.25,0.7058823529,5,0.599744014,0.5194528949,0,0,64,4,0.7941176471,0.01851851852,53,0.7351740844,0.2765060884,4,33,0,31,0,33
jpeg_q50,late_fusion_stacked,all,all,682,209,132,139,202,0.1876832845,0.671875,42,0.5906675556,0.501920132,329,12,315,26,0.7741935484,0.5227272727,252,0.7496592315,0.2621352151,231,180,124,147,4,300
jpeg_q50,late_fusion_stacked,all,authentic,341,209,132,0,0,0.1818181818,0.5967741935,25,0.5897237263,0.4775414696,329,12,0,0,0.8123167155,0.9783393502,6,0.7637707391,0.2463240961,207,2,122,10,2,122
jpeg_q50,late_fusion_stacked,all,ai_edited,341,0,0,139,202,0.1935483871,0.7424242424,17,0.5916113849,0.5262987943,0,0,315,26,0.7360703812,0.01992031873,246,0.7355477239,0.2779463341,24,178,2,137,2,178
resize_0.5,late_fusion_stacked,0,all,138,49,20,34,35,0.2028985507,0.7142857143,8,0.5979830171,0.4862691112,11,58,8,61,0.4202898551,0.6206896552,22,0.6434909819,0.624439902,46,38,26,28,64,0
resize_0.5,late_fusion_stacked,0,authentic,69,49,20,0,0,0.1739130435,0.75,3,0.5930502356,0.4571993933,11,58,0,0,0.3043478261,0.04761904762,20,0.6249680989,0.6061654056,11,38,0,20,38,0
resize_0.5,late_fusion_stacked,0,ai_edited,69,0,0,34,35,0.231884058,0.6875,5,0.6029157987,0.5153388292,0,0,8,61,0.5362318841,0.9459459459,2,0.662013865,0.6427143985,35,0,26,8,26,0
resize_0.5,late_fusion_stacked,1,all,136,43,25,25,43,0.1617647059,0.5909090909,9,0.5794919038,0.4954039025,0,68,1,67,0.6544117647,0.5505617978,40,0.6815154961,0.6810777289,43,43,24,26,67,0
resize_0.5,late_fusion_stacked,1,authentic,68,43,25,0,0,0.1470588235,0.7,3,0.5780367466,0.4729680001,0,68,0,0,0.5882352941,0,40,0.6705474637,0.6705474637,0,43,0,25,43,0
resize_0.5,late_fusion_stacked,1,ai_edited,68,0,0,25,43,0.1764705882,0.5,6,0.5809470609,0.517839805,0,0,1,67,0.7205882353,1,0,0.6924835285,0.6916079941,43,0,24,1,24,0
resize_0.5,late_fusion_stacked,2,all,136,33,35,22,46,0.2647058824,0.6666666667,12,0.6033904626,0.5290269975,1,67,0,68,0.8161764706,0.5495495495,50,0.7236946943,0.7235271842,47,32,22,35,54,0
resize_0.5,late_fusion_stacked,2,authentic,68,33,35,0,0,0.2941176471,0.4,12,0.6065247288,0.5036811543,1,67,0,0,0.7352941176,0,50,0.7094650498,0.7091300296,1,32,0,35,32,0
resize_0.5,late_fusion_stacked,2,ai_edited,68,0,0,22,46,0.2352941176,1,0,0.6002561965,0.5543728407,0,0,0,68,0.8970588235,1,0,0.7379243389,0.7379243389,46,0,22,0,22,0
resize_0.5,late_fusion_stacked,3,all,136,40,28,27,41,0.08088235294,0.7272727273,3,0.5748167635,0.5037306035,20,48,11,57,0.1691176471,0.652173913,8,0.5868090033,0.5615269632,61,20,16,39,36,0
resize_0.5,late_fusion_stacked,3,authentic,68,40,28,0,0,0.08823529412,0.6666666667,2,0.575605914,0.4828104292,20,48,0,0,0.1470588235,0.2,8,0.5769953804,0.5442775618,20,20,0,28,20,0
resize_0.5,late_fusion_stacked,3,ai_edited,68,0,0,27,41,0.07352941176,0.8,1,0.574027613,0.5246507778,0,0,11,57,0.1911764706,1,0,0.5966226261,0.5787763645,41,0,16,11,16,0
resize_0.5,late_fusion_stacked,4,all,136,44,24,31,37,0.2279411765,0.6774193548,10,0.5975480507,0.4954002072,9,59,6,62,0.4632352941,0.5714285714,27,0.6566063074,0.6432650038,46,35,25,30,60,0
resize_0.5,late_fusion_stacked,4,authentic,68,44,24,0,0,0.2058823529,0.6428571429,5,0.5953520874,0.4713475195,9,59,0,0,0.4117647059,0.03571428571,27,0.6461831432,0.6290356432,9,35,0,24,35,0
resize_0.5,late_fusion_stacked,4,ai_edited,68,0,0,31,37,0.25,0.7058823529,5,0.599744014,0.5194528949,0,0,6,62,0.5147058824,1,0,0.6670294716,0.6574943644,37,0,25,6,25,0
resize_0.5,late_fusion_stacked,all,all,682,209,132,139,202,0.1876832845,0.671875,42,0.5906675556,0.501920132,41,300,26,315,0.504398827,0.5726744186,147,0.6583795068,0.64670188,243,168,113,158,281,0
resize_0.5,late_fusion_stacked,all,authentic,341,209,132,0,0,0.1818181818,0.5967741935,25,0.5897237263,0.4775414696,41,300,0,0,0.4369501466,0.02684563758,145,0.6455712297,0.6317559545,41,168,0,132,168,0
resize_0.5,late_fusion_stacked,all,ai_edited,341,0,0,139,202,0.1935483871,0.7424242424,17,0.5916113849,0.5262987943,0,0,26,315,0.5718475073,0.9897435897,2,0.6711877839,0.6616478056,202,0,113,26,113,0
resize_0.5_jpeg_q75,late_fusion_stacked,0,all,138,49,20,34,35,0.2028985507,0.7142857143,8,0.5979830171,0.4862691112,66,3,60,9,0.5797101449,0.5625,35,0.6611959283,0.3533550566,58,26,17,37,0,43
resize_0.5_jpeg_q75,late_fusion_stacked,0,authentic,69,49,20,0,0,0.1739130435,0.75,3,0.5930502356,0.4571993933,66,3,0,0,0.6231884058,1,0,0.6739293531,0.3326326084,49,0,17,3,0,17
resize_0.5_jpeg_q75,late_fusion_stacked,0,ai_edited,69,0,0,34,35,0.231884058,0.6875,5,0.6029157987,0.5153388292,0,0,60,9,0.5362318841,0.05405405405,35,0.6484625035,0.3740775048,9,26,0,34,0,26
resize_0.5_jpeg_q75,late_fusion_stacked,1,all,136,43,25,25,43,0.1617647059,0.5909090909,9,0.5794919038,0.4954039025,64,4,64,4,0.6691176471,0.5604395604,40,0.6801968977,0.3278067916,47,39,21,29,0,60
resize_0.5_jpeg_q75,late_fusion_stacked,1,authentic,68,43,25,0,0,0.1470588235,0.7,3,0.5780367466,0.4729680001,64,4,0,0,0.75,0.9803921569,1,0.6901249532,0.3164795823,43,0,21,4,0,21
resize_0.5_jpeg_q75,late_fusion_stacked,1,ai_edited,68,0,0,25,43,0.1764705882,0.5,6,0.5809470609,0.517839805,0,0,64,4,0.5882352941,0.025,39,0.6702688422,0.339134001,4,39,0,25,0,39
resize_0.5_jpeg_q75,late_fusion_stacked,2,all,136,33,35,22,46,0.2647058824,0.6666666667,12,0.6033904626,0.5290269975,65,3,63,5,0.6617647059,0.5333333333,42,0.6890891826,0.321264312,37,42,33,24,1,74
resize_0.5_jpeg_q75,late_fusion_stacked,2,authentic,68,33,35,0,0,0.2941176471,0.4,12,0.6065247288,0.5036811543,65,3,0,0,0.7205882353,0.9795918367,1,0.7038297358,0.310363666,33,0,32,3,0,32
resize_0.5_jpeg_q75,late_fusion_stacked,2,ai_edited,68,0,0,22,46,0.2352941176,1,0,0.6002561965,0.5543728407,0,0,63,5,0.6029411765,0,41,0.6743486294,0.3321649581,4,42,1,21,1,42
resize_0.5_jpeg_q75,late_fusion_stacked,3,all,136,40,28,27,41,0.08088235294,0.7272727273,3,0.5748167635,0.5037306035,52,16,45,23,0.1764705882,0.6666666667,8,0.5882552733,0.4404252827,63,18,12,43,0,30
resize_0.5_jpeg_q75,late_fusion_stacked,3,authentic,68,40,28,0,0,0.08823529412,0.6666666667,2,0.575605914,0.4828104292,52,16,0,0,0.2205882353,1,0,0.5992009041,0.4240356002,40,0,12,16,0,12
resize_0.5_jpeg_q75,late_fusion_stacked,3,ai_edited,68,0,0,27,41,0.07352941176,0.8,1,0.574027613,0.5246507778,0,0,45,23,0.1323529412,0.1111111111,8,0.5773096426,0.4568149651,23,18,0,27,0,18
resize_0.5_jpeg_q75,late_fusion_stacked,4,all,136,44,24,31,37,0.2279411765,0.6774193548,10,0.5975480507,0.4954002072,63,5,58,10,0.5073529412,0.5072463768,34,0.6634587692,0.3587684147,54,27,19,36,0,46
resize_0.5_jpeg_q75,late_fusion_stacked,4,authentic,68,44,24,0,0,0.2058823529,0.6428571429,5,0.5953520874,0.4713475195,63,5,0,0,0.5147058824,0.9714285714,1,0.6697212566,0.3440479865,44,0,19,5,0,19
resize_0.5_jpeg_q75,late_fusion_stacked,4,ai_edited,68,0,0,31,37,0.25,0.7058823529,5,0.599744014,0.5194528949,0,0,58,10,0.5,0.02941176471,33,0.6571962817,0.373488843,10,27,0,31,0,27
resize_0.5_jpeg_q75,late_fusion_stacked,all,all,682,209,132,139,202,0.1876832845,0.671875,42,0.5906675556,0.501920132,310,31,290,51,0.5190615836,0.5508474576,159,0.6564531595,0.3603035348,259,152,102,169,1,253
resize_0.5_jpeg_q75,late_fusion_stacked,all,authentic,341,209,132,0,0,0.1818181818,0.5967741935,25,0.5897237263,0.4775414696,310,31,0,0,0.5659824047,0.9844559585,3,0.6673805019,0.3454741195,209,0,101,31,0,101
resize_0.5_jpeg_q75,late_fusion_stacked,all,ai_edited,341,0,0,139,202,0.1935483871,0.7424242424,17,0.5916113849,0.5262987943,0,0,290,51,0.4721407625,0.03105590062,156,0.6455258172,0.3751329502,50,152,1,138,1,152
jpeg_q95,visual_calibrated,0,all,138,45,24,34,35,0.1449275362,0.65,7,0.5910265941,0.490705221,46,23,34,35,0.1449275362,0.65,7,0.5909276326,0.4901408172,80,0,1,57,0,1
jpeg_q95,visual_calibrated,0,authentic,69,45,24,0,0,0.115942029,0.625,3,0.5834107513,0.4675510098,46,23,0,0,0.115942029,0.625,3,0.5832814719,0.4672069231,45,0,1,23,0,1
jpeg_q95,visual_calibrated,0,ai_edited,69,0,0,34,35,0.1739130435,0.6666666667,4,0.5986424369,0.5138594321,0,0,34,35,0.1739130435,0.6666666667,4,0.5985737932,0.5130747113,35,0,0,34,0,0
jpeg_q95,visual_calibrated,1,all,136,48,20,33,35,0.09558823529,0.5384615385,6,0.5677950619,0.4963354885,48,20,32,36,0.09558823529,0.5384615385,6,0.5678669363,0.4957568976,83,0,1,52,1,0
jpeg_q95,visual_calibrated,1,authentic,68,48,20,0,0,0.08823529412,0.3333333333,4,0.5711883263,0.4818840621,48,20,0,0,0.08823529412,0.3333333333,4,0.5713903261,0.4813671833,48,0,0,20,0,0
jpeg_q95,visual_calibrated,1,ai_edited,68,0,0,33,35,0.1029411765,0.7142857143,2,0.5644017975,0.510786915,0,0,32,36,0.1029411765,0.7142857143,2,0.5643435465,0.5101466119,35,0,1,32,1,0
jpeg_q95,visual_calibrated,2,all,136,38,30,30,38,0.1323529412,0.7777777778,4,0.571543077,0.5146881232,37,31,30,38,0.1397058824,0.7894736842,4,0.5710358267,0.5135524299,75,1,0,60,1,0
jpeg_q95,visual_calibrated,2,authentic,68,38,30,0,0,0.1323529412,0.5555555556,4,0.5735651657,0.4963896532,37,31,0,0,0.1470588235,0.6,4,0.5732089243,0.4952946012,37,1,0,30,1,0
jpeg_q95,visual_calibrated,2,ai_edited,68,0,0,30,38,0.1323529412,1,0,0.5695209884,0.5329865933,0,0,30,38,0.1323529412,1,0,0.568862729,0.5318102587,38,0,0,30,0,0
jpeg_q95,visual_calibrated,3,all,136,44,24,28,40,0.1176470588,0.5625,7,0.5758442612,0.49978449,43,25,28,40,0.125,0.5882352941,7,0.5756609063,0.4989150869,83,1,0,52,1,0
jpeg_q95,visual_calibrated,3,authentic,68,44,24,0,0,0.1029411765,0.7142857143,2,0.5773099913,0.4804949251,43,25,0,0,0.1176470588,0.75,2,0.5773050001,0.4797484751,43,1,0,24,1,0
jpeg_q95,visual_calibrated,3,ai_edited,68,0,0,28,40,0.1323529412,0.4444444444,5,0.5743785311,0.5190740549,0,0,28,40,0.1323529412,0.4444444444,5,0.5740168124,0.5180816988,40,0,0,28,0,0
jpeg_q95,visual_calibrated,4,all,136,34,34,30,38,0.1838235294,0.72,7,0.596650823,0.5026988629,34,34,30,38,0.1838235294,0.72,7,0.5962127881,0.5020873148,72,0,0,64,0,0
jpeg_q95,visual_calibrated,4,authentic,68,34,34,0,0,0.1764705882,0.75,3,0.5943490946,0.4855712658,34,34,0,0,0.1764705882,0.75,3,0.5940666665,0.4850009406,34,0,0,34,0,0
jpeg_q95,visual_calibrated,4,ai_edited,68,0,0,30,38,0.1911764706,0.6923076923,4,0.5989525513,0.5198264599,0,0,30,38,0.1911764706,0.6923076923,4,0.5983589096,0.5191736891,38,0,0,30,0,0
jpeg_q95,visual_calibrated,all,all,682,209,132,155,186,0.1348973607,0.6630434783,31,0.5806026222,0.5008127092,208,133,154,187,0.137829912,0.670212766,31,0.5803718643,0.5000613313,393,2,2,285,3,1
jpeg_q95,visual_calibrated,all,authentic,341,209,132,0,0,0.1231671554,0.619047619,16,0.5799747717,0.4823347018,208,133,0,0,0.1290322581,0.6363636364,16,0.5798605393,0.4816810537,207,2,1,131,2,1
jpeg_q95,visual_calibrated,all,ai_edited,341,0,0,155,186,0.146627566,0.7,15,0.5812304727,0.5192907167,0,0,154,187,0.146627566,0.7,15,0.5808831893,0.518441609,186,0,1,154,1,0
jpeg_q75,visual_calibrated,0,all,138,45,24,34,35,0.1449275362,0.65,7,0.5910265941,0.490705221,46,23,34,35,0.1449275362,0.65,7,0.5910536835,0.4897540549,80,0,1,57,0,1
jpeg_q75,visual_calibrated,0,authentic,69,45,24,0,0,0.115942029,0.625,3,0.5834107513,0.4675510098,46,23,0,0,0.115942029,0.625,3,0.583611579,0.46663739,45,0,1,23,0,1
jpeg_q75,visual_calibrated,0,ai_edited,69,0,0,34,35,0.1739130435,0.6666666667,4,0.5986424369,0.5138594321,0,0,34,35,0.1739130435,0.6666666667,4,0.5984957881,0.5128707197,35,0,0,34,0,0
jpeg_q75,visual_calibrated,1,all,136,48,20,33,35,0.09558823529,0.5384615385,6,0.5677950619,0.4963354885,48,20,33,35,0.08088235294,0.6363636364,4,0.5674700305,0.4956530524,82,1,1,52,1,1
jpeg_q75,visual_calibrated,1,authentic,68,48,20,0,0,0.08823529412,0.3333333333,4,0.5711883263,0.4818840621,48,20,0,0,0.07352941176,0.4,3,0.5710385512,0.4814193316,48,0,0,20,0,0
jpeg_q75,visual_calibrated,1,ai_edited,68,0,0,33,35,0.1029411765,0.7142857143,2,0.5644017975,0.510786915,0,0,33,35,0.08823529412,0.8333333333,1,0.5639015098,0.5098867731,34,1,1,32,1,1
jpeg_q75,visual_calibrated,2,all,136,38,30,30,38,0.1323529412,0.7777777778,4,0.571543077,0.5146881232,39,29,29,39,0.125,0.8823529412,2,0.5698765538,0.5120671588,76,0,2,58,1,1
jpeg_q75,visual_calibrated,2,authentic,68,38,30,0,0,0.1323529412,0.5555555556,4,0.5735651657,0.4963896532,39,29,0,0,0.1176470588,0.75,2,0.5718544483,0.4938253177,38,0,1,29,0,1
jpeg_q75,visual_calibrated,2,ai_edited,68,0,0,30,38,0.1323529412,1,0,0.5695209884,0.5329865933,0,0,29,39,0.1323529412,1,0,0.5678986594,0.5303089999,38,0,1,29,1,0
jpeg_q75,visual_calibrated,3,all,136,44,24,28,40,0.1176470588,0.5625,7,0.5758442612,0.49978449,43,25,29,39,0.1176470588,0.5625,7,0.5756905596,0.4982024675,82,2,0,52,1,1
jpeg_q75,visual_calibrated,3,authentic,68,44,24,0,0,0.1029411765,0.7142857143,2,0.5773099913,0.4804949251,43,25,0,0,0.1029411765,0.7142857143,2,0.5772873097,0.4790738481,43,1,0,24,1,0
jpeg_q75,visual_calibrated,3,ai_edited,68,0,0,28,40,0.1323529412,0.4444444444,5,0.5743785311,0.5190740549,0,0,29,39,0.1323529412,0.4444444444,5,0.5740938095,0.5173310868,39,1,0,28,0,1
jpeg_q75,visual_calibrated,4,all,136,34,34,30,38,0.1838235294,0.72,7,0.596650823,0.5026988629,34,34,30,38,0.1911764706,0.6923076923,8,0.5957592407,0.5011314682,72,0,0,64,0,0
jpeg_q75,visual_calibrated,4,authentic,68,34,34,0,0,0.1764705882,0.75,3,0.5943490946,0.4855712658,34,34,0,0,0.1764705882,0.75,3,0.593448532,0.4843376818,34,0,0,34,0,0
jpeg_q75,visual_calibrated,4,ai_edited,68,0,0,30,38,0.1911764706,0.6923076923,4,0.5989525513,0.5198264599,0,0,30,38,0.2058823529,0.6428571429,5,0.5980699493,0.5179252545,38,0,0,30,0,0
jpeg_q75,visual_calibrated,all,all,682,209,132,155,186,0.1348973607,0.6630434783,31,0.5806026222,0.5008127092,210,131,155,186,0.1319648094,0.6888888889,28,0.5800025171,0.4993334656,392,3,4,283,3,4
jpeg_q75,visual_calibrated,all,authentic,341,209,132,0,0,0.1231671554,0.619047619,16,0.5799747717,0.4823347018,210,131,0,0,0.1173020528,0.675,13,0.5794602937,0.4810164226,208,1,2,130,1,2
jpeg_q75,visual_calibrated,all,ai_edited,341,0,0,155,186,0.146627566,0.7,15,0.5812304727,0.5192907167,0,0,155,186,0.146627566,0.7,15,0.5805447404,0.5176505086,184,2,2,153,2,2
jpeg_q50,visual_calibrated,0,all,138,45,24,34,35,0.1449275362,0.65,7,0.5910265941,0.490705221,48,21,33,36,0.1449275362,0.65,7,0.589619466,0.4902447392,80,0,4,54,1,3
jpeg_q50,visual_calibrated,0,authentic,69,45,24,0,0,0.115942029,0.625,3,0.5834107513,0.4675510098,48,21,0,0,0.115942029,0.625,3,0.5822497042,0.4670002446,45,0,3,21,0,3
jpeg_q50,visual_calibrated,0,ai_edited,69,0,0,34,35,0.1739130435,0.6666666667,4,0.5986424369,0.5138594321,0,0,33,36,0.1739130435,0.6666666667,4,0.5969892278,0.5134892337,35,0,1,33,1,0
jpeg_q50,visual_calibrated,1,all,136,48,20,33,35,0.09558823529,0.5384615385,6,0.5677950619,0.4963354885,48,20,34,34,0.08823529412,0.6666666667,4,0.5660065928,0.4957072692,80,3,2,51,2,3
jpeg_q50,visual_calibrated,1,authentic,68,48,20,0,0,0.08823529412,0.3333333333,4,0.5711883263,0.4818840621,48,20,0,0,0.08823529412,0.5,3,0.5701810277,0.480830955,48,0,0,20,0,0
jpeg_q50,visual_calibrated,1,ai_edited,68,0,0,33,35,0.1029411765,0.7142857143,2,0.5644017975,0.510786915,0,0,34,34,0.08823529412,0.8333333333,1,0.561832158,0.5105835834,32,3,2,31,2,3
jpeg_q50,visual_calibrated,2,all,136,38,30,30,38,0.1323529412,0.7777777778,4,0.571543077,0.5146881232,37,31,30,38,0.1323529412,0.7777777778,4,0.5700504582,0.5115382397,73,3,2,58,3,2
jpeg_q50,visual_calibrated,2,authentic,68,38,30,0,0,0.1323529412,0.5555555556,4,0.5735651657,0.4963896532,37,31,0,0,0.1323529412,0.5555555556,4,0.5721498411,0.4933118255,36,2,1,29,2,1
jpeg_q50,visual_calibrated,2,ai_edited,68,0,0,30,38,0.1323529412,1,0,0.5695209884,0.5329865933,0,0,30,38,0.1323529412,1,0,0.5679510754,0.5297646538,37,1,1,29,1,1
jpeg_q50,visual_calibrated,3,all,136,44,24,28,40,0.1176470588,0.5625,7,0.5758442612,0.49978449,41,27,30,38,0.1029411765,0.6428571429,5,0.5750534834,0.4981862489,78,6,1,51,4,3
jpeg_q50,visual_calibrated,3,authentic,68,44,24,0,0,0.1029411765,0.7142857143,2,0.5773099913,0.4804949251,41,27,0,0,0.1029411765,0.7142857143,2,0.5762752612,0.4790625502,40,4,1,23,4,1
jpeg_q50,visual_calibrated,3,ai_edited,68,0,0,28,40,0.1323529412,0.4444444444,5,0.5743785311,0.5190740549,0,0,30,38,0.1029411765,0.5714285714,3,0.5738317057,0.5173099476,38,2,0,28,0,2
jpeg_q50,visual_calibrated,4,all,136,34,34,30,38,0.1838235294,0.72,7,0.596650823,0.5026988629,35,33,29,39,0.1911764706,0.6923076923,8,0.5950139225,0.500254681,72,0,2,62,1,1
jpeg_q50,visual_calibrated,4,authentic,68,34,34,0,0,0.1764705882,0.75,3,0.5943490946,0.4855712658,35,33,0,0,0.1764705882,0.6666666667,4,0.5924178994,0.4830155675,34,0,1,33,0,1
jpeg_q50,visual_calibrated,4,ai_edited,68,0,0,30,38,0.1911764706,0.6923076923,4,0.5989525513,0.5198264599,0,0,29,39,0.2058823529,0.7142857143,4,0.5976099456,0.5174937946,38,0,1,29,1,0
jpeg_q50,visual_calibrated,all,all,682,209,132,155,186,0.1348973607,0.6630434783,31,0.5806026222,0.5008127092,209,132,156,185,0.1319648094,0.6888888889,28,0.5791794904,0.4991600142,383,12,11,276,11,12
jpeg_q50,visual_calibrated,all,authentic,341,209,132,0,0,0.1231671554,0.619047619,16,0.5799747717,0.4823347018,209,132,0,0,0.1231671554,0.619047619,16,0.5786652891,0.4806042169,203,6,6,126,6,6
jpeg_q50,visual_calibrated,all,ai_edited,341,0,0,155,186,0.146627566,0.7,15,0.5812304727,0.5192907167,0,0,156,185,0.1407624633,0.75,12,0.5796936917,0.5177158115,180,6,5,150,5,6
resize_0.5,visual_calibrated,0,all,138,45,24,34,35,0.1449275362,0.65,7,0.5910265941,0.490705221,46,23,34,35,0.1449275362,0.65,7,0.5908258333,0.49187241,80,0,1,57,0,1
resize_0.5,visual_calibrated,0,authentic,69,45,24,0,0,0.115942029,0.625,3,0.5834107513,0.4675510098,46,23,0,0,0.115942029,0.625,3,0.5832921781,0.4688688773,45,0,1,23,0,1
resize_0.5,visual_calibrated,0,ai_edited,69,0,0,34,35,0.1739130435,0.6666666667,4,0.5986424369,0.5138594321,0,0,34,35,0.1739130435,0.6666666667,4,0.5983594886,0.5148759428,35,0,0,34,0,0
resize_0.5,visual_calibrated,1,all,136,48,20,33,35,0.09558823529,0.5384615385,6,0.5677950619,0.4963354885,47,21,32,36,0.09558823529,0.5384615385,6,0.5678400732,0.4962944675,82,1,1,52,2,0
resize_0.5,visual_calibrated,1,authentic,68,48,20,0,0,0.08823529412,0.3333333333,4,0.5711883263,0.4818840621,47,21,0,0,0.08823529412,0.3333333333,4,0.571194002,0.481609708,47,1,0,20,1,0
resize_0.5,visual_calibrated,1,ai_edited,68,0,0,33,35,0.1029411765,0.7142857143,2,0.5644017975,0.510786915,0,0,32,36,0.1029411765,0.7142857143,2,0.5644861444,0.5109792271,35,0,1,32,1,0
resize_0.5,visual_calibrated,2,all,136,38,30,30,38,0.1323529412,0.7777777778,4,0.571543077,0.5146881232,38,30,30,38,0.1397058824,0.7894736842,4,0.5712646222,0.5139424919,76,0,0,60,0,0
resize_0.5,visual_calibrated,2,authentic,68,38,30,0,0,0.1323529412,0.5555555556,4,0.5735651657,0.4963896532,38,30,0,0,0.1470588235,0.6,4,0.5735195456,0.495513787,38,0,0,30,0,0
resize_0.5,visual_calibrated,2,ai_edited,68,0,0,30,38,0.1323529412,1,0,0.5695209884,0.5329865933,0,0,30,38,0.1323529412,1,0,0.5690096988,0.5323711968,38,0,0,30,0,0
resize_0.5,visual_calibrated,3,all,136,44,24,28,40,0.1176470588,0.5625,7,0.5758442612,0.49978449,43,25,29,39,0.125,0.5882352941,7,0.5758816745,0.4991539368,82,2,0,52,1,1
resize_0.5,visual_calibrated,3,authentic,68,44,24,0,0,0.1029411765,0.7142857143,2,0.5773099913,0.4804949251,43,25,0,0,0.1176470588,0.75,2,0.5775117296,0.4800609232,43,1,0,24,1,0
resize_0.5,visual_calibrated,3,ai_edited,68,0,0,28,40,0.1323529412,0.4444444444,5,0.5743785311,0.5190740549,0,0,29,39,0.1323529412,0.4444444444,5,0.5742516193,0.5182469505,39,1,0,28,0,1
resize_0.5,visual_calibrated,4,all,136,34,34,30,38,0.1838235294,0.72,7,0.596650823,0.5026988629,35,33,30,38,0.1838235294,0.72,7,0.5961077178,0.5025071242,72,0,1,63,0,1
resize_0.5,visual_calibrated,4,authentic,68,34,34,0,0,0.1764705882,0.75,3,0.5943490946,0.4855712658,35,33,0,0,0.1617647059,0.7272727273,3,0.5936360532,0.4855900894,34,0,1,33,0,1
resize_0.5,visual_calibrated,4,ai_edited,68,0,0,30,38,0.1911764706,0.6923076923,4,0.5989525513,0.5198264599,0,0,30,38,0.2058823529,0.7142857143,4,0.5985793825,0.5194241589,38,0,0,30,0,0
resize_0.5,visual_calibrated,all,all,682,209,132,155,186,0.1348973607,0.6630434783,31,0.5806026222,0.5008127092,209,132,155,186,0.137829912,0.670212766,31,0.5804146055,0.5007280401,392,3,3,284,3,3
resize_0.5,visual_calibrated,all,authentic,341,209,132,0,0,0.1231671554,0.619047619,16,0.5799747717,0.4823347018,209,132,0,0,0.1260997067,0.6279069767,16,0.5798408527,0.4822892054,207,2,2,130,2,2
resize_0.5,visual_calibrated,all,ai_edited,341,0,0,155,186,0.146627566,0.7,15,0.5812304727,0.5192907167,0,0,155,186,0.1495601173,0.7058823529,15,0.5809883583,0.5191668748,185,1,1,154,1,1
resize_0.5_jpeg_q75,visual_calibrated,0,all,138,45,24,34,35,0.1449275362,0.65,7,0.5910265941,0.490705221,46,23,34,35,0.1376811594,0.6315789474,7,0.5896170171,0.4904596214,79,1,2,56,1,2
resize_0.5_jpeg_q75,visual_calibrated,0,authentic,69,45,24,0,0,0.115942029,0.625,3,0.5834107513,0.4675510098,46,23,0,0,0.115942029,0.625,3,0.5824374682,0.4671668397,45,0,1,23,0,1
resize_0.5_jpeg_q75,visual_calibrated,0,ai_edited,69,0,0,34,35,0.1739130435,0.6666666667,4,0.5986424369,0.5138594321,0,0,34,35,0.1594202899,0.6363636364,4,0.5967965659,0.513752403,34,1,1,33,1,1
resize_0.5_jpeg_q75,visual_calibrated,1,all,136,48,20,33,35,0.09558823529,0.5384615385,6,0.5677950619,0.4963354885,46,22,32,36,0.07352941176,0.6,4,0.5665396218,0.4972019321,78,5,4,49,6,3
resize_0.5_jpeg_q75,visual_calibrated,1,authentic,68,48,20,0,0,0.08823529412,0.3333333333,4,0.5711883263,0.4818840621,46,22,0,0,0.07352941176,0.4,3,0.5699986706,0.4819054606,46,2,0,20,2,0
resize_0.5_jpeg_q75,visual_calibrated,1,ai_edited,68,0,0,33,35,0.1029411765,0.7142857143,2,0.5644017975,0.510786915,0,0,32,36,0.07352941176,0.8,1,0.563080573,0.5124984037,32,3,4,29,4,3
resize_0.5_jpeg_q75,visual_calibrated,2,all,136,38,30,30,38,0.1323529412,0.7777777778,4,0.571543077,0.5146881232,39,29,31,37,0.1029411765,0.8571428571,2,0.569586872,0.5091614235,73,3,3,57,2,4
resize_0.5_jpeg_q75,visual_calibrated,2,authentic,68,38,30,0,0,0.1323529412,0.5555555556,4,0.5735651657,0.4963896532,39,29,0,0,0.1029411765,0.7142857143,2,0.5712181117,0.4912597364,37,1,2,28,1,2
resize_0.5_jpeg_q75,visual_calibrated,2,ai_edited,68,0,0,30,38,0.1323529412,1,0,0.5695209884,0.5329865933,0,0,31,37,0.1029411765,1,0,0.5679556322,0.5270631106,36,2,1,29,1,2
resize_0.5_jpeg_q75,visual_calibrated,3,all,136,44,24,28,40,0.1176470588,0.5625,7,0.5758442612,0.49978449,44,24,29,39,0.1102941176,0.6,6,0.5753630643,0.4956022835,80,4,3,49,3,4
resize_0.5_jpeg_q75,visual_calibrated,3,authentic,68,44,24,0,0,0.1029411765,0.7142857143,2,0.5773099913,0.4804949251,44,24,0,0,0.1029411765,0.7142857143,2,0.5761264121,0.4775348544,42,2,2,22,2,2
resize_0.5_jpeg_q75,visual_calibrated,3,ai_edited,68,0,0,28,40,0.1323529412,0.4444444444,5,0.5743785311,0.5190740549,0,0,29,39,0.1176470588,0.5,4,0.5745997166,0.5136697126,38,2,1,27,1,2
resize_0.5_jpeg_q75,visual_calibrated,4,all,136,34,34,30,38,0.1838235294,0.72,7,0.596650823,0.5026988629,37,31,30,38,0.1985294118,0.6296296296,10,0.5963276091,0.4979760658,71,1,4,60,1,4
resize_0.5_jpeg_q75,visual_calibrated,4,authentic,68,34,34,0,0,0.1764705882,0.75,3,0.5943490946,0.4855712658,37,31,0,0,0.1911764706,0.6153846154,5,0.594630442,0.4805054216,34,0,3,31,0,3
resize_0.5_jpeg_q75,visual_calibrated,4,ai_edited,68,0,0,30,38,0.1911764706,0.6923076923,4,0.5989525513,0.5198264599,0,0,30,38,0.2058823529,0.6428571429,5,0.5980247763,0.51544671,37,1,1,29,1,1
resize_0.5_jpeg_q75,visual_calibrated,all,all,682,209,132,155,186,0.1348973607,0.6630434783,31,0.5806026222,0.5008127092,212,129,156,185,0.1246334311,0.6588235294,29,0.5795165441,0.4980579173,381,14,16,271,13,17
resize_0.5_jpeg_q75,visual_calibrated,all,authentic,341,209,132,0,0,0.1231671554,0.619047619,16,0.5799747717,0.4823347018,212,129,0,0,0.1173020528,0.625,15,0.5788926469,0.4796377833,204,5,8,124,5,8
resize_0.5_jpeg_q75,visual_calibrated,all,ai_edited,341,0,0,155,186,0.146627566,0.7,15,0.5812304727,0.5192907167,0,0,156,185,0.1319648094,0.6888888889,14,0.5801404414,0.5164780514,177,9,8,147,8,9
