sample_size,metric,n_seeds,mean,std,median,min,max,ci_95_lower,ci_95_upper
50,macro_f1,5,0.532224,0.014787,0.538238,0.505934,0.541477,0.513864,0.550584
50,balanced_accuracy,5,0.538462,0.007770,0.538462,0.527473,0.549451,0.528813,0.548110
50,auroc,5,0.542133,0.012432,0.542084,0.526144,0.560681,0.526696,0.557569
50,brier_score,5,0.248721,0.000651,0.248802,0.247790,0.249602,0.247913,0.249529
50,ece,5,0.017114,0.006055,0.016469,0.009995,0.026531,0.009595,0.024632
50,val_loss,5,0.173913,0.001007,0.173768,0.172759,0.175474,0.172662,0.175163
50,best_epoch,5,6.000000,6.819091,3.000000,2.000000,18.000000,-2.467020,14.467020
50,epochs_completed,5,11.000000,6.819091,8.000000,7.000000,23.000000,2.532980,19.467020
50,training_time_s,5,109.781803,69.048834,79.432177,69.133416,231.282949,24.046351,195.517255
50,peak_vram_mb,5,108.998535,0.000000,108.998535,108.998535,108.998535,108.998535,108.998535
100,macro_f1,5,0.572779,0.004802,0.574030,0.565816,0.577313,0.566816,0.578741
100,balanced_accuracy,5,0.574725,0.006265,0.576923,0.565934,0.582418,0.566947,0.582504
100,auroc,5,0.586137,0.008949,0.586523,0.573361,0.596546,0.575025,0.597249
100,brier_score,5,0.245585,0.000339,0.245541,0.245166,0.246108,0.245164,0.246005
100,ece,5,0.044998,0.008482,0.046256,0.031553,0.054279,0.034466,0.055530
100,val_loss,5,0.171277,0.000885,0.170924,0.170497,0.172771,0.170179,0.172376
100,best_epoch,5,8.000000,3.391165,7.000000,6.000000,14.000000,3.789313,12.210687
100,epochs_completed,5,13.000000,3.391165,12.000000,11.000000,19.000000,8.789313,17.210687
100,training_time_s,5,178.319571,46.196611,162.235839,150.809598,260.093803,120.958902,235.680240
100,peak_vram_mb,5,108.998535,0.000000,108.998535,108.998535,108.998535,108.998535,108.998535
250,macro_f1,5,0.562714,0.017207,0.561039,0.544930,0.583371,0.541349,0.584079
250,balanced_accuracy,5,0.572527,0.011912,0.571429,0.554945,0.587912,0.557737,0.587318
250,auroc,5,0.585992,0.007804,0.584954,0.576500,0.593890,0.576302,0.595682
250,brier_score,5,0.246401,0.000288,0.246412,0.245998,0.246785,0.246044,0.246759
250,ece,5,0.047999,0.015774,0.050284,0.026947,0.069607,0.028413,0.067585
250,val_loss,5,0.171481,0.000742,0.171032,0.170855,0.172458,0.170560,0.172402
250,best_epoch,5,5.200000,0.836660,5.000000,4.000000,6.000000,4.161149,6.238851
250,epochs_completed,5,10.200000,0.836660,10.000000,9.000000,11.000000,9.161149,11.238851
250,training_time_s,5,248.170960,20.550125,243.798404,218.288311,267.944854,222.654610,273.687310
250,peak_vram_mb,5,108.998535,0.000000,108.998535,108.998535,108.998535,108.998535,108.998535
