comparison,seed,sample_size_2,sample_size_1,delta_macro_f1,delta_balanced_accuracy,delta_auroc,delta_brier_score,delta_ece,delta_val_loss
n100_minus_n50,42,100,50,0.035836,0.032967,0.031276,-0.002183,0.027748,-0.001835
n100_minus_n50,1337,100,50,0.028752,0.027473,0.029707,-0.00245,0.015084,-0.00067
n100_minus_n50,2025,100,50,0.035791,0.038462,0.048424,-0.003302,0.03457,-0.002897
n100_minus_n50,3407,100,50,0.064196,0.043956,0.054462,-0.003686,0.02576,-0.003624
n100_minus_n50,9001,100,50,0.038198,0.038462,0.056153,-0.004061,0.036261,-0.004151
n250_minus_n100,42,250,100,-0.000403,-0.005495,-0.011231,0.000391,-0.001538,-6.9e-05
n250_minus_n100,1337,250,100,-0.018495,0.005495,0.011593,0.000194,0.008862,-0.000312
n250_minus_n100,2025,250,100,-0.0291,-0.021978,-0.010023,0.000912,-0.022248,0.001227
n250_minus_n100,3407,250,100,0.013241,0.016484,-0.002657,0.001619,0.025901,0.000536
n250_minus_n100,9001,250,100,-0.015565,-0.005495,0.011593,0.000969,0.004027,-0.000364
n250_minus_n50,42,250,50,0.035433,0.027473,0.020046,-0.001792,0.026211,-0.001904
n250_minus_n50,1337,250,50,0.010257,0.032967,0.041299,-0.002256,0.023946,-0.000982
n250_minus_n50,2025,250,50,0.006691,0.016484,0.038401,-0.00239,0.012321,-0.00167
n250_minus_n50,3407,250,50,0.077437,0.06044,0.051805,-0.002067,0.051661,-0.003089
n250_minus_n50,9001,250,50,0.022633,0.032967,0.067745,-0.003092,0.040288,-0.004515
