run_id,sample_size,seed,stage,macro_f1,balanced_accuracy,auroc,brier_score,ece,val_loss,best_epoch,epochs_completed,training_time_s,peak_vram_mb,dummy_macro_f1,metadata_macro_f1,checkpoint_sha256,status,locked_test_access,stage2_invocations,validation_source_count
phase4c1-stage1-n50-seed42,50,42,frozen,0.5414772029003319,0.5494505494505495,0.5606810771645936,0.24779019881389366,0.026530933576625775,0.1727592041204264,18,23,231.28294897079468,108.99853515625,0.49395551257253384,0.5,b5fa53bfc3d31f239841800e258d122217e0541130ddde4ecec0b78f1bda8f9b,completed,0,0,91
phase4c1-stage1-n50-seed1337,50,1337,frozen,0.5370639534883721,0.5384615384615384,0.5436541480497525,0.2485576115184305,0.016469436523678507,0.1734404362492509,5,10,99.69208288192749,108.99853515625,0.41730095445209614,0.5,6a709a64ad1db0fddec9fec9f52b34b72303547ae51398e0a05790f9f4f007a2,completed,0,0,91
phase4c1-stage1-n50-seed2025,50,2025,frozen,0.5382384922073215,0.5384615384615385,0.5380992633739886,0.2488024569607283,0.014625880580682017,0.17376802370443448,2,7,69.13341617584229,108.99853515625,0.48195251937984496,0.5,2827a79f2a4d27522f7a9e7f9356463b526595cd78e22c9bd3582fb84411f0f9,completed,0,0,91
phase4c1-stage1-n50-seed3407,50,3407,frozen,0.5059343434343435,0.5274725274725275,0.5420842893370366,0.24885234052042224,0.017946465657307578,0.1741210128907319,3,8,79.43217730522156,108.99853515625,0.49297480620155043,0.5,575240ac664eb1680d1bea2d16a17725a1287a986c4ebd6bc28cd710e0a19b76,completed,0,0,91
phase4c1-stage1-n50-seed9001,50,9001,frozen,0.5384057971014493,0.5384615384615385,0.5261441854848449,0.24960180559014464,0.009995327382297298,0.17547439006003704,2,7,69.36838793754578,108.99853515625,0.4882539682539683,0.5,1f74b9dfa222002ed0517cb8370cce2afdca4f8912ff7403620b8eb9d5c8f6d2,completed,0,0,91
phase4c1-stage1-n100-seed42,100,42,frozen,0.577313286884244,0.5824175824175823,0.5919574930563941,0.24560736199534466,0.05427916266105985,0.17092387083467547,7,12,162.23583889007568,108.99853515625,0.49395551257253384,0.5,65617b42d8f178d4cdf72e0ad8825083467fc41a8bb763b1217d3bc1436810fc,completed,0,0,91
phase4c1-stage1-n100-seed1337,100,1337,frozen,0.565816095425034,0.5659340659340659,0.5733607052288371,0.24610805532338298,0.03155310320985187,0.17277058451385288,14,19,260.09380316734314,108.99853515625,0.41730095445209614,0.5,5a9f04bc87b169740f6c83f28777435faeaf0cdd8696effbd1d2c9ddf9de4d1d,completed,0,0,91
phase4c1-stage1-n100-seed2025,100,2025,frozen,0.5740296057630931,0.5769230769230769,0.586523366743147,0.24550038269335625,0.04919540620112153,0.17087106717811837,6,11,151.97944474220276,108.99853515625,0.48195251937984496,0.5,ce3b5e0b91b972f05f3447d89f714c2506d0b7186daaf6b645e5b468972d92aa,completed,0,0,91
phase4c1-stage1-n100-seed3407,100,3407,frozen,0.5701308139534884,0.5714285714285714,0.5965463108320251,0.2451661004881647,0.04370670282578733,0.17049669318801755,7,12,166.47917008399963,108.99853515625,0.49297480620155043,0.5,78dd4949c37a9c171434bd979b18ee2a69e297f4d14a24ef0bdf01cc501cfe50,completed,0,0,91
phase4c1-stage1-n100-seed9001,100,9001,frozen,0.5766035227650382,0.5769230769230769,0.5822968240550658,0.24554099228015355,0.04625644412014512,0.17132377378888183,6,11,150.80959820747375,108.99853515625,0.4882539682539683,0.5,24da001f5fbaae503ee254140b2046a6ce1f7d0d8d094b693dd33a91afec4ade,completed,0,0,91
phase4c1-stage1-n250-seed42,250,42,frozen,0.5769103040183559,0.5769230769230769,0.5807269653423499,0.24599789927365956,0.05274156833088005,0.17085532320069743,6,11,267.94485449790955,108.99853515625,0.49395551257253384,0.5,c941f42ed00adb098962ddb43c0f2f7d897e48e20957cddc0c491243f8730c92,completed,0,0,91
phase4c1-stage1-n250-seed1337,250,1337,frozen,0.5473214285714285,0.5714285714285714,0.5849535080304311,0.2463016967149528,0.04041521578699682,0.17245841321054395,5,10,243.5524938106537,108.99853515625,0.41730095445209614,0.5,69e706f9062f050ccbfd2affb72d63d5dde9d12f02c1e64c762b0ea6719073f1,completed,0,0,91
phase4c1-stage1-n250-seed2025,250,2025,frozen,0.5449297731131347,0.554945054945055,0.5765004226542687,0.24641232433264518,0.02694726809040532,0.17209831191288247,5,10,243.79840421676636,108.99853515625,0.48195251937984496,0.5,92ce5ee986d487fdf14374842067d0684fc7669f5ecb32c7d603f6813942ceee,completed,0,0,91
phase4c1-stage1-n250-seed3407,250,3407,frozen,0.583371486127644,0.5879120879120879,0.5938896268566598,0.2467850080121133,0.06960726373798243,0.171032455432546,4,9,218.28831100463867,108.99853515625,0.49297480620155043,0.5,4897821ef0a97df9f1c51acde8d4ac01d383aa3a7b9e7ee55bbc3b3108847868,completed,0,0,91
phase4c1-stage1-n250-seed9001,250,9001,frozen,0.561038961038961,0.5714285714285714,0.5938896268566598,0.24651013296223825,0.05028380486336379,0.17095978001316825,6,11,267.27073669433594,108.99853515625,0.4882539682539683,0.5,5f0f8803adcb7eec88d47e398ef8b2002b46e740c263b12abc2ba392822a91c3,completed,0,0,91
