comparison,metric,primary,delta,ci_lower,ci_upper,bootstrap_fraction_below_zero
late_fusion_stacked_minus_visual_calibrated,brier_score,True,-0.003622275051515328,-0.005553261620522242,-0.0013353970737673907,0.9983
late_fusion_stacked_minus_visual_calibrated,log_loss,False,-0.007811273569365951,-0.012080300945392041,-0.0026530258009540013,0.9979
late_fusion_stacked_minus_visual_calibrated,ece,False,0.0324264691855978,-0.010452699309932397,0.05119168422421952,0.1085
late_fusion_stacked_minus_visual_calibrated,macro_f1,False,0.023897702802116783,-4.074351088783461e-05,0.047499354406374816,0.0257
late_fusion_stacked_minus_visual_calibrated,balanced_accuracy,False,0.02346041055718484,0.0,0.04692082111436957,0.0243
late_fusion_stacked_minus_visual_calibrated,auroc,False,0.019057283649091428,0.008341861525098745,0.02982451991296948,0.0001
late_fusion_stacked_minus_visual_calibrated,fpr,False,0.0,-0.03812316715542524,0.04105571847507328,0.463
late_fusion_stacked_minus_visual_calibrated,fnr,False,-0.04692082111436946,-0.09090909090909094,-0.0029325513196480912,0.9791
late_fusion_stacked_minus_visual_raw,brier_score,False,-0.005391072946631492,-0.008627559245663064,-0.002055997872785835,0.9991
late_fusion_stacked_minus_visual_raw,log_loss,False,-0.012922107062685484,-0.02110819064221514,-0.0048739541720750615,0.9991
late_fusion_stacked_minus_visual_raw,ece,False,0.010645824807110134,-0.026144168991774745,0.041554503219261595,0.3444
late_fusion_stacked_minus_visual_raw,macro_f1,False,0.023897702802116783,-4.074351088783461e-05,0.047499354406374816,0.0257
late_fusion_stacked_minus_visual_raw,balanced_accuracy,False,0.02346041055718484,0.0,0.04692082111436957,0.0243
late_fusion_stacked_minus_visual_raw,auroc,False,0.019031484077364325,0.00545166450236925,0.03291186866298019,0.0024
late_fusion_stacked_minus_visual_raw,fpr,False,0.0,-0.03812316715542524,0.04105571847507328,0.463
late_fusion_stacked_minus_visual_raw,fnr,False,-0.04692082111436946,-0.09090909090909094,-0.0029325513196480912,0.9791
late_fusion_stacked_minus_early_fusion,brier_score,False,-0.018736817147416374,-0.02509846344705266,-0.012192593518930284,1.0
late_fusion_stacked_minus_early_fusion,log_loss,False,-0.060073620301968944,-0.08208654179701998,-0.039051173125228565,1.0
late_fusion_stacked_minus_early_fusion,ece,False,-0.046899921544506694,-0.08087091711276466,-0.012774946537010423,0.9972
late_fusion_stacked_minus_early_fusion,macro_f1,False,0.01910926647021094,-0.005601156016716758,0.04393053571462114,0.0641
late_fusion_stacked_minus_early_fusion,balanced_accuracy,False,0.019061583577712593,-0.0058651026392961825,0.04398826979472137,0.0577
late_fusion_stacked_minus_early_fusion,auroc,False,0.03286005452309493,0.015143488618088966,0.05116915059210014,0.0003
late_fusion_stacked_minus_early_fusion,fpr,False,-0.014662756598240456,-0.05571847507331379,0.026392961876832877,0.7227
late_fusion_stacked_minus_early_fusion,fnr,False,-0.02346041055718473,-0.07038123167155425,0.02346041055718473,0.8223
late_fusion_mean_minus_visual_calibrated,brier_score,False,-0.0020847534116275046,-0.00422797132652742,0.0001148599771474971,0.9684
late_fusion_mean_minus_visual_calibrated,log_loss,False,-0.004657914988388634,-0.009559446433183258,0.00022627136421368504,0.9689
late_fusion_mean_minus_visual_calibrated,ece,False,0.04496516032535533,-0.0006550970269976525,0.05869655095595964,0.0286
late_fusion_mean_minus_visual_calibrated,macro_f1,False,0.026830563093467652,0.0014870697473891832,0.05174012984639292,0.0185
late_fusion_mean_minus_visual_calibrated,balanced_accuracy,False,0.026392961876832932,0.0014662756598240456,0.05131964809384171,0.0181
late_fusion_mean_minus_visual_calibrated,auroc,False,0.020158065376114753,0.009158847963123828,0.03117448250359045,0.0001
late_fusion_mean_minus_visual_calibrated,fpr,False,-0.0029325513196480912,-0.04398826979472137,0.03812316715542524,0.5213
late_fusion_mean_minus_visual_calibrated,fnr,False,-0.04985337243401761,-0.09677419354838712,-0.0029325513196480912,0.9818
visual_calibrated_minus_visual_raw,brier_score,False,-0.0017687978951161643,-0.0043551390045953,0.0007294104722534058,0.9148
visual_calibrated_minus_visual_raw,log_loss,False,-0.005110833493319533,-0.011953931108808153,0.0013193747760596871,0.9395
visual_calibrated_minus_visual_raw,ece,False,-0.021780644378487663,-0.03592302465941467,0.015404447389971045,0.8159
visual_calibrated_minus_visual_raw,macro_f1,False,0.0,0.0,0.0,0.0
visual_calibrated_minus_visual_raw,balanced_accuracy,False,0.0,0.0,0.0,0.0
visual_calibrated_minus_visual_raw,auroc,False,-2.579957172710312e-05,-0.008333476664287366,0.008376260954068182,0.4995
visual_calibrated_minus_visual_raw,fpr,False,0.0,0.0,0.0,0.0
visual_calibrated_minus_visual_raw,fnr,False,0.0,0.0,0.0,0.0
late_fusion_stacked_minus_dsp_calibrated,brier_score,False,-0.007180895692082578,-0.010925267240844099,-0.0036614926767377137,1.0
late_fusion_stacked_minus_dsp_calibrated,log_loss,False,-0.014876663059656181,-0.022753258102757107,-0.007407221755171228,0.9999
late_fusion_stacked_minus_dsp_calibrated,ece,False,-0.00804113755257245,-0.04077824755585086,0.029513124960210912,0.6537
late_fusion_stacked_minus_dsp_calibrated,macro_f1,False,0.029857769080276486,0.002302511379893392,0.05741699687305583,0.0166
late_fusion_stacked_minus_dsp_calibrated,balanced_accuracy,False,0.029325513196481023,0.0014662756598241566,0.055718475073313845,0.016
late_fusion_stacked_minus_dsp_calibrated,auroc,False,0.028921319906089593,0.007903268805737773,0.049930986145630026,0.0034
late_fusion_stacked_minus_dsp_calibrated,fpr,False,-0.07624633431085043,-0.1378299120234604,-0.014662756598240456,0.9905
late_fusion_stacked_minus_dsp_calibrated,fnr,False,0.017595307917888603,-0.03812316715542524,0.07331378299120234,0.2586
