recipe,bin,lower,upper,count,mean_probability,fraction_ai_edited
visual_raw,0,0.0,0.1,0,,
visual_raw,1,0.1,0.2,4,0.1481357365846634,0.5
visual_raw,2,0.2,0.30000000000000004,12,0.25566021849711734,0.25
visual_raw,3,0.30000000000000004,0.4,56,0.3635784536600113,0.4107142857142857
visual_raw,4,0.4,0.5,292,0.4615962327751395,0.4349315068493151
visual_raw,5,0.5,0.6000000000000001,251,0.5397080273267283,0.5657370517928287
visual_raw,6,0.6000000000000001,0.7000000000000001,42,0.6343439292340052,0.6428571428571429
visual_raw,7,0.7000000000000001,0.8,16,0.7317534312605858,0.75
visual_raw,8,0.8,0.9,7,0.8413079380989075,0.5714285714285714
visual_raw,9,0.9,1.0,2,0.9125150144100189,0.5
dsp_raw,0,0.0,0.1,0,,
dsp_raw,1,0.1,0.2,5,0.17476533353328705,0.2
dsp_raw,2,0.2,0.30000000000000004,20,0.2644806444644928,0.5
dsp_raw,3,0.30000000000000004,0.4,54,0.3660321925525312,0.42592592592592593
dsp_raw,4,0.4,0.5,237,0.4607369577834375,0.4177215189873418
dsp_raw,5,0.5,0.6000000000000001,290,0.542881139804577,0.5482758620689655
dsp_raw,6,0.6000000000000001,0.7000000000000001,62,0.6374838400271631,0.6774193548387096
dsp_raw,7,0.7000000000000001,0.8,14,0.7248170503548214,0.5
dsp_raw,8,0.8,0.9,0,,
dsp_raw,9,0.9,1.0,0,,
visual_calibrated,0,0.0,0.1,0,,
visual_calibrated,1,0.1,0.2,1,0.1714768191263617,0.0
visual_calibrated,2,0.2,0.30000000000000004,17,0.26557021976700684,0.35294117647058826
visual_calibrated,3,0.30000000000000004,0.4,83,0.3664083483150011,0.3614457831325301
visual_calibrated,4,0.4,0.5,263,0.45510865480616153,0.4524714828897338
visual_calibrated,5,0.5,0.6000000000000001,204,0.5455422123335115,0.553921568627451
visual_calibrated,6,0.6000000000000001,0.7000000000000001,93,0.639669202036207,0.6236559139784946
visual_calibrated,7,0.7000000000000001,0.8,17,0.7385194623007818,0.7058823529411765
visual_calibrated,8,0.8,0.9,4,0.8569875109218128,0.75
visual_calibrated,9,0.9,1.0,0,,
dsp_calibrated,0,0.0,0.1,0,,
dsp_calibrated,1,0.1,0.2,2,0.16578611567446988,0.0
dsp_calibrated,2,0.2,0.30000000000000004,9,0.26124450723540027,0.5555555555555556
dsp_calibrated,3,0.30000000000000004,0.4,33,0.3570028858544154,0.5151515151515151
dsp_calibrated,4,0.4,0.5,272,0.4651621877837192,0.40808823529411764
dsp_calibrated,5,0.5,0.6000000000000001,325,0.5338915056202524,0.563076923076923
dsp_calibrated,6,0.6000000000000001,0.7000000000000001,39,0.637465144648732,0.6153846153846154
dsp_calibrated,7,0.7000000000000001,0.8,2,0.7363862769458349,0.5
dsp_calibrated,8,0.8,0.9,0,,
dsp_calibrated,9,0.9,1.0,0,,
late_fusion_mean,0,0.0,0.1,0,,
late_fusion_mean,1,0.1,0.2,0,,
late_fusion_mean,2,0.2,0.30000000000000004,1,0.29679534498540083,0.0
late_fusion_mean,3,0.30000000000000004,0.4,38,0.3712376543926833,0.34210526315789475
late_fusion_mean,4,0.4,0.5,309,0.45968279082770913,0.4045307443365696
late_fusion_mean,5,0.5,0.6000000000000001,293,0.5416094768098778,0.5938566552901023
late_fusion_mean,6,0.6000000000000001,0.7000000000000001,39,0.6312072105035219,0.717948717948718
late_fusion_mean,7,0.7000000000000001,0.8,2,0.7363731312693786,0.5
late_fusion_mean,8,0.8,0.9,0,,
late_fusion_mean,9,0.9,1.0,0,,
late_fusion_stacked,0,0.0,0.1,0,,
late_fusion_stacked,1,0.1,0.2,3,0.17769964912771863,0.0
late_fusion_stacked,2,0.2,0.30000000000000004,18,0.26276864785682796,0.3888888888888889
late_fusion_stacked,3,0.30000000000000004,0.4,108,0.360988677231751,0.3888888888888889
late_fusion_stacked,4,0.4,0.5,219,0.4542804419668765,0.410958904109589
late_fusion_stacked,5,0.5,0.6000000000000001,200,0.546845548288398,0.58
late_fusion_stacked,6,0.6000000000000001,0.7000000000000001,107,0.642974941421368,0.6074766355140186
late_fusion_stacked,7,0.7000000000000001,0.8,23,0.7408603373863631,0.8260869565217391
late_fusion_stacked,8,0.8,0.9,4,0.8412963294411333,0.5
late_fusion_stacked,9,0.9,1.0,0,,
early_fusion,0,0.0,0.1,11,0.06708258187228983,0.18181818181818182
early_fusion,1,0.1,0.2,29,0.14949660696860018,0.5172413793103449
early_fusion,2,0.2,0.30000000000000004,49,0.25492781370270007,0.3877551020408163
early_fusion,3,0.30000000000000004,0.4,72,0.3635321739647124,0.4722222222222222
early_fusion,4,0.4,0.5,190,0.45595669495432,0.4052631578947368
early_fusion,5,0.5,0.6000000000000001,191,0.5447100541354474,0.5654450261780105
early_fusion,6,0.6000000000000001,0.7000000000000001,56,0.638325646519661,0.5714285714285714
early_fusion,7,0.7000000000000001,0.8,26,0.7518013876218063,0.7307692307692307
early_fusion,8,0.8,0.9,32,0.8537239320576191,0.6875
early_fusion,9,0.9,1.0,26,0.9453444480895996,0.5
