fit_id,kind,recipe,seed,outer_fold,inner_fold,status,selected_or_best_epoch,epochs_completed,receipt_sha256
inner__recipe-stage1_frozen__seed-1337__outer-0__inner-0,inner,stage1_frozen,1337,0,0,PASS,5,10,574b84cf0447a52ef78df1e36e696d241b7e7ead88bc33b4a08f7fe109a6b1d2
inner__recipe-stage1_frozen__seed-1337__outer-0__inner-1,inner,stage1_frozen,1337,0,1,PASS,13,18,2b6d507f784dc2d4c07b96db062c4abb275adc88aa61d3277cb368a92bf4f4ca
inner__recipe-stage1_frozen__seed-1337__outer-0__inner-2,inner,stage1_frozen,1337,0,2,PASS,7,12,8b6c1c4256281845d1bad3ed8ec30260d376c330a25b15076e2617e1c29040b1
inner__recipe-stage1_frozen__seed-1337__outer-0__inner-3,inner,stage1_frozen,1337,0,3,PASS,6,11,5c52ed725c8d47732a697a06ce307fe7cc999369c8582cfa719858b029691efa
inner__recipe-stage1_frozen__seed-1337__outer-1__inner-0,inner,stage1_frozen,1337,1,0,PASS,7,12,96056075846222c189384cfa0826e2e2fb8753d22e4aaf8db8d67e28f0f9a213
inner__recipe-stage1_frozen__seed-1337__outer-1__inner-1,inner,stage1_frozen,1337,1,1,PASS,4,9,4159c5bd3818d218bf3b129bfb95046808166936201f36924a2704ffd15c650b
inner__recipe-stage1_frozen__seed-1337__outer-1__inner-2,inner,stage1_frozen,1337,1,2,PASS,6,11,1cc0a19bc6e76f37534145e165e22b90db58b9afc7c6be52e6e5f91aee86c27b
inner__recipe-stage1_frozen__seed-1337__outer-1__inner-3,inner,stage1_frozen,1337,1,3,PASS,6,11,8c2f0b5efb59ea34b65fc01a9dc4748f374c3cd205458e6332eb417a523011b2
inner__recipe-stage1_frozen__seed-1337__outer-2__inner-0,inner,stage1_frozen,1337,2,0,PASS,5,10,59aea3f40925736032182ccf6fa4c2f6826a1847d6ea53448b524c2c33ee9d51
inner__recipe-stage1_frozen__seed-1337__outer-2__inner-1,inner,stage1_frozen,1337,2,1,PASS,14,19,1abb2a41ce733bc51b8453219b2d9c5df96ac0f7e0dadf8f302ee8d95c73dc94
inner__recipe-stage1_frozen__seed-1337__outer-2__inner-2,inner,stage1_frozen,1337,2,2,PASS,4,9,124b519a241a253b8e1b7ab76c8fbc7e2d5671a2ebe15358f6317cd0f7530282
inner__recipe-stage1_frozen__seed-1337__outer-2__inner-3,inner,stage1_frozen,1337,2,3,PASS,3,8,eabfad9d519efff227ae94ff6caed5bec55dd4a1c867f5082894397c2ac53698
inner__recipe-stage1_frozen__seed-1337__outer-3__inner-0,inner,stage1_frozen,1337,3,0,PASS,4,9,acc33f788b2489faa5da3b84c6c5b2e0de6774ff5ed3b60b8ac700df385ee091
inner__recipe-stage1_frozen__seed-1337__outer-3__inner-1,inner,stage1_frozen,1337,3,1,PASS,11,16,19d24a0b99c984a68126c4a6c3d845a8c6daea01f37c9009e86ce88274e9f9ac
inner__recipe-stage1_frozen__seed-1337__outer-3__inner-2,inner,stage1_frozen,1337,3,2,PASS,6,11,046db382e279ab86d00018b7fb5a0ed15a2a6a45880f5429e12d52c86f63b29f
inner__recipe-stage1_frozen__seed-1337__outer-3__inner-3,inner,stage1_frozen,1337,3,3,PASS,5,10,22cf1670bc08555ca9520ca7bcdd646883e40c1338f3baaaa3cb1c351eac1579
inner__recipe-stage1_frozen__seed-1337__outer-4__inner-0,inner,stage1_frozen,1337,4,0,PASS,20,25,0c83e43004f147165e22b4e558ca84b59d619a30cdc203cde4120482852990e2
inner__recipe-stage1_frozen__seed-1337__outer-4__inner-1,inner,stage1_frozen,1337,4,1,PASS,7,12,b7992a528b906dd66e7ec03cff3e3edd39b6056809a6a8cca71b141a7f75f975
inner__recipe-stage1_frozen__seed-1337__outer-4__inner-2,inner,stage1_frozen,1337,4,2,PASS,5,10,2ca19a938da8c8b8743e50eb5e1abdd7bc46cc62d2c70ad9b8c2e04f4605c8ec
inner__recipe-stage1_frozen__seed-1337__outer-4__inner-3,inner,stage1_frozen,1337,4,3,PASS,13,18,4b371d99c39bcbb540a88d0df121a1e8955dc4e61432097c4a83a743f1e184dd
inner__recipe-stage1_frozen__seed-2025__outer-0__inner-0,inner,stage1_frozen,2025,0,0,PASS,4,9,315f38f2f636bc57ecf30dae8361c8416fff3a7a78c90486f4168194f26c80eb
inner__recipe-stage1_frozen__seed-2025__outer-0__inner-1,inner,stage1_frozen,2025,0,1,PASS,8,13,487e596839c6557c3a459a0d62221e91bfcd10893c8581370c079f27eb5ba9de
inner__recipe-stage1_frozen__seed-2025__outer-0__inner-2,inner,stage1_frozen,2025,0,2,PASS,4,9,5cdb584506cafa09b7a63dae8f8956ec14a3775fe4fd8b21592896dfaeda694e
inner__recipe-stage1_frozen__seed-2025__outer-0__inner-3,inner,stage1_frozen,2025,0,3,PASS,3,8,dc5ad8e4a6706a0e26389375d9590184e4c8d7bb19c0da3bf0e1c3dd8e5d0505
inner__recipe-stage1_frozen__seed-2025__outer-1__inner-0,inner,stage1_frozen,2025,1,0,PASS,9,14,4e1bf6f711d4718ff8d180514e77f6981b048fdd8b1b62de1ee1f1f595e76d42
inner__recipe-stage1_frozen__seed-2025__outer-1__inner-1,inner,stage1_frozen,2025,1,1,PASS,3,8,be1ab5a9c88010edaba067e86f4724bb4d1637b058ff7c491480665f3f2dc953
inner__recipe-stage1_frozen__seed-2025__outer-1__inner-2,inner,stage1_frozen,2025,1,2,PASS,5,10,086bf45c6a0659ca40f610aa9f53cb0afa79f8092d157d8a0738841b57ba419f
inner__recipe-stage1_frozen__seed-2025__outer-1__inner-3,inner,stage1_frozen,2025,1,3,PASS,5,10,4f0117b77e16a4c3c564470243d60344729a233154bf644a709e84e571db5465
inner__recipe-stage1_frozen__seed-2025__outer-2__inner-0,inner,stage1_frozen,2025,2,0,PASS,13,18,f383f9c656f7edd0179f11b0bcc6da8665a9669186522573d567926f11108af8
inner__recipe-stage1_frozen__seed-2025__outer-2__inner-1,inner,stage1_frozen,2025,2,1,PASS,5,10,5d14564140f3033e2aa6e5311625b3eb2a2444b58bb4788ff293f8d1418fe546
inner__recipe-stage1_frozen__seed-2025__outer-2__inner-2,inner,stage1_frozen,2025,2,2,PASS,3,8,6a5abeb4f10d0724bbbea2684101e1cf33077d81a11c12263b9a0f2d854937f6
inner__recipe-stage1_frozen__seed-2025__outer-2__inner-3,inner,stage1_frozen,2025,2,3,PASS,6,11,a6bcd8bf810f6a26402f3f12152264bfd0ee3bc979c69a012f23a52cedbe4a7d
inner__recipe-stage1_frozen__seed-2025__outer-3__inner-0,inner,stage1_frozen,2025,3,0,PASS,9,14,160af01752a8cd2e1feccb087e5e69b468245f38d191449b629e45a3a1a0a3f5
inner__recipe-stage1_frozen__seed-2025__outer-3__inner-1,inner,stage1_frozen,2025,3,1,PASS,9,14,0c22feb7b6f98c22ce486ad419a2913b271bbde55da19ab9c10dca5f935945a1
inner__recipe-stage1_frozen__seed-2025__outer-3__inner-2,inner,stage1_frozen,2025,3,2,PASS,7,12,5a186f2d5cae9b741f167d52819012c2f714d6642df0121d4b259534e2c64708
inner__recipe-stage1_frozen__seed-2025__outer-3__inner-3,inner,stage1_frozen,2025,3,3,PASS,4,9,1f5dab6d0ce76cbdbe30ae515cd911f4db6fde6006f7ddb34f056b57af648360
inner__recipe-stage1_frozen__seed-2025__outer-4__inner-0,inner,stage1_frozen,2025,4,0,PASS,8,13,b026a88d8357480f5d649dd5fafe61ae72835077f677621f740a034c1983011d
inner__recipe-stage1_frozen__seed-2025__outer-4__inner-1,inner,stage1_frozen,2025,4,1,PASS,4,9,0c6bacfae775c950f2889a2dc26d8369c9abb01cc9bd49b6a2bfbba3cfe07b63
inner__recipe-stage1_frozen__seed-2025__outer-4__inner-2,inner,stage1_frozen,2025,4,2,PASS,6,11,c758926bd04d739617ee03d2c8ef3c0421e2642a6f863ef3ec066399793a5f37
inner__recipe-stage1_frozen__seed-2025__outer-4__inner-3,inner,stage1_frozen,2025,4,3,PASS,10,15,a13474a98163ccb889ccce13c3af81b879b35695f2db734a4610a092820a26c9
inner__recipe-stage1_frozen__seed-42__outer-0__inner-0,inner,stage1_frozen,42,0,0,PASS,5,10,4c9a33f3a560e740fa02c77766f2b6234549899ca1b679965260f8ab7e9df60c
inner__recipe-stage1_frozen__seed-42__outer-0__inner-1,inner,stage1_frozen,42,0,1,PASS,4,9,a3a3511921b1e5afdc4f299af98cd447bf62221afe0c8dcdc2ffdcd7ab7fece1
inner__recipe-stage1_frozen__seed-42__outer-0__inner-2,inner,stage1_frozen,42,0,2,PASS,8,13,550e66bc2e803f18347a0adac802187fb32bb790ad48c63f0dcff4893b43bc77
inner__recipe-stage1_frozen__seed-42__outer-0__inner-3,inner,stage1_frozen,42,0,3,PASS,7,12,9ede025174b72cec102f33813cddfee26e17d7e7a8db01a440b3f6de5ef2b189
inner__recipe-stage1_frozen__seed-42__outer-1__inner-0,inner,stage1_frozen,42,1,0,PASS,5,10,da401f64627c63b5aba63c4720387ce8978981b4a35e6e8b4094b6241f3fb739
inner__recipe-stage1_frozen__seed-42__outer-1__inner-1,inner,stage1_frozen,42,1,1,PASS,6,11,555e40987d05fd58b0750fecbdc76ce58fa56ad0600c91aa405dd576308b7fbe
inner__recipe-stage1_frozen__seed-42__outer-1__inner-2,inner,stage1_frozen,42,1,2,PASS,11,16,4f697bb1933cad05a38cfcb41025a29fbe1570d7851d045b779bb4c14dd8e809
inner__recipe-stage1_frozen__seed-42__outer-1__inner-3,inner,stage1_frozen,42,1,3,PASS,6,11,d19f5c88aa77c67a2e2e478f96fc4a3d27afe4d1075beea7cf0049cd21797f9f
inner__recipe-stage1_frozen__seed-42__outer-2__inner-0,inner,stage1_frozen,42,2,0,PASS,9,14,9b2c04b34208721492f1d2dd09aa9c413d3a5f281413568ded54e29bc6afa6e4
inner__recipe-stage1_frozen__seed-42__outer-2__inner-1,inner,stage1_frozen,42,2,1,PASS,4,9,5263027f8cdb05b1d520f9c3460edaf9c0cbd7c62ae16e6bfcf8eb1cdf1750fc
inner__recipe-stage1_frozen__seed-42__outer-2__inner-2,inner,stage1_frozen,42,2,2,PASS,6,11,798a99af59d5b708649a37e2113543d77857637b4cf2d31d487358ab23e92a6a
inner__recipe-stage1_frozen__seed-42__outer-2__inner-3,inner,stage1_frozen,42,2,3,PASS,7,12,605bb744932339b23d66f808bad94850c1fca40eafccbb5b51023bb8699f8369
inner__recipe-stage1_frozen__seed-42__outer-3__inner-0,inner,stage1_frozen,42,3,0,PASS,10,15,b0379df57f753aa77fe699deabc5c995c669bd58c5089cd4a1e4d1d922b2a29b
inner__recipe-stage1_frozen__seed-42__outer-3__inner-1,inner,stage1_frozen,42,3,1,PASS,10,15,bc25bc5c5dd25539b36ab584a5ba39dd800084c259c27c1e0ecc33bf0839b294
inner__recipe-stage1_frozen__seed-42__outer-3__inner-2,inner,stage1_frozen,42,3,2,PASS,6,11,ad2a27492dac028161fe2a6ff2967343c81d9c342abee59ebcab39387a001bd7
inner__recipe-stage1_frozen__seed-42__outer-3__inner-3,inner,stage1_frozen,42,3,3,PASS,7,12,c67c9fb7a9d10c02c3655a28ebb27803b8d68c099744e9cc5101744eae45037e
inner__recipe-stage1_frozen__seed-42__outer-4__inner-0,inner,stage1_frozen,42,4,0,PASS,7,12,ef38128ff047627b1ced3f7f01a71b2a9502abe32e9a11879ce009276a0a01b5
inner__recipe-stage1_frozen__seed-42__outer-4__inner-1,inner,stage1_frozen,42,4,1,PASS,4,9,dca13b5694629214b312ff445c676001ce2cad2f0f1fe1cecfdb038b81c84b02
inner__recipe-stage1_frozen__seed-42__outer-4__inner-2,inner,stage1_frozen,42,4,2,PASS,4,9,c23bd5d580f0be40551bee1c073f2e9fe60850d220442499cd3352d5f9ed2318
inner__recipe-stage1_frozen__seed-42__outer-4__inner-3,inner,stage1_frozen,42,4,3,PASS,5,10,6c1925b923296911fcae9d81d9505642de2a022a4b56e59ea207a8b7348def73
inner__recipe-stage1_frozen_pair_ranking__seed-1337__outer-0__inner-0,inner,stage1_frozen_pair_ranking,1337,0,0,PASS,2,7,ee6bfe53d029c79d827830bb197db8b4c87a95f5676cd81a0bed7b0d4110ba7b
inner__recipe-stage1_frozen_pair_ranking__seed-1337__outer-0__inner-1,inner,stage1_frozen_pair_ranking,1337,0,1,PASS,7,12,e060b982f367fce94d7b4d53323726f3a17703cc9192847360d1aa32026af8e1
inner__recipe-stage1_frozen_pair_ranking__seed-1337__outer-0__inner-2,inner,stage1_frozen_pair_ranking,1337,0,2,PASS,15,20,fbe0d45a12068717dcfa02c001952a58c31418d72060a313aeb2d8f00ee5e04f
inner__recipe-stage1_frozen_pair_ranking__seed-1337__outer-0__inner-3,inner,stage1_frozen_pair_ranking,1337,0,3,PASS,3,8,de92a27d98546ebe6606b6a7cd72fc297a2eaead26a702d3de7fe28158d6b2db
inner__recipe-stage1_frozen_pair_ranking__seed-1337__outer-1__inner-0,inner,stage1_frozen_pair_ranking,1337,1,0,PASS,4,9,ce323026239ef1bb1d27f4d1aedd008d4ebc8cebdcdd612669e5efacae17b4cd
inner__recipe-stage1_frozen_pair_ranking__seed-1337__outer-1__inner-1,inner,stage1_frozen_pair_ranking,1337,1,1,PASS,2,7,0007cec0dfb5f06eb0a4939c80e164046083c3b4f925146776be633ec5cf19c1
inner__recipe-stage1_frozen_pair_ranking__seed-1337__outer-1__inner-2,inner,stage1_frozen_pair_ranking,1337,1,2,PASS,7,12,9b49bbd3f57ae249c302b308bfb999df0241e14c940a2e53557c18f14cc5d322
inner__recipe-stage1_frozen_pair_ranking__seed-1337__outer-1__inner-3,inner,stage1_frozen_pair_ranking,1337,1,3,PASS,8,13,f1113e9339b623ffed9d9b210d46abde7c8c9479025ab57a6d8a60b1e71c4c75
inner__recipe-stage1_frozen_pair_ranking__seed-1337__outer-2__inner-0,inner,stage1_frozen_pair_ranking,1337,2,0,PASS,3,8,0f0a7a86b882c96d540bfd89c3d8856db1a8ebb99eaea72b20c2e57f08f7e05a
inner__recipe-stage1_frozen_pair_ranking__seed-1337__outer-2__inner-1,inner,stage1_frozen_pair_ranking,1337,2,1,PASS,6,11,b1b128a6a5b7990357afbc9828133022188bc72b53822a19ee18bb8d5b4dd3de
inner__recipe-stage1_frozen_pair_ranking__seed-1337__outer-2__inner-2,inner,stage1_frozen_pair_ranking,1337,2,2,PASS,7,12,4b8c2627eb9fe7bd4273dcfd6874f934eebe21e752f11fa415690d4cf8f93de3
inner__recipe-stage1_frozen_pair_ranking__seed-1337__outer-2__inner-3,inner,stage1_frozen_pair_ranking,1337,2,3,PASS,4,9,82190e9ece44c4c4617328bb6295502428ac65e9f0b1ec508ebe961601e137b4
inner__recipe-stage1_frozen_pair_ranking__seed-1337__outer-3__inner-0,inner,stage1_frozen_pair_ranking,1337,3,0,PASS,12,17,21d9da0e74b981871471e41827c7653dbc6e065a83e30b8e5eaf799a229fe63f
inner__recipe-stage1_frozen_pair_ranking__seed-1337__outer-3__inner-1,inner,stage1_frozen_pair_ranking,1337,3,1,PASS,12,17,dfd06962e18d893e41c78a3431a35dad52b829e08ca28936db4023c317a3e8db
inner__recipe-stage1_frozen_pair_ranking__seed-1337__outer-3__inner-2,inner,stage1_frozen_pair_ranking,1337,3,2,PASS,9,14,d920c2f9400fe4b7fce151858ffee58de73cc784cf6597ac8c60c2ed4c91ae0c
inner__recipe-stage1_frozen_pair_ranking__seed-1337__outer-3__inner-3,inner,stage1_frozen_pair_ranking,1337,3,3,PASS,7,12,5224abcb34fae77ad511e36d665b09f8eea4c0934cefcf21c4e66433d2b161a0
inner__recipe-stage1_frozen_pair_ranking__seed-1337__outer-4__inner-0,inner,stage1_frozen_pair_ranking,1337,4,0,PASS,4,9,be94fd616b50e512ae5a9247682eea4acfa97e89d2c27e07f58160880f048d28
inner__recipe-stage1_frozen_pair_ranking__seed-1337__outer-4__inner-1,inner,stage1_frozen_pair_ranking,1337,4,1,PASS,6,11,3bacd30cceed9975a0bcade8f50af8bbf8f398582e9496bcc06320ed299aa12d
inner__recipe-stage1_frozen_pair_ranking__seed-1337__outer-4__inner-2,inner,stage1_frozen_pair_ranking,1337,4,2,PASS,7,12,51f6253167e98fa5a956e4280f961b9ee0149772bc8b8f68eb7696b975f09bb3
inner__recipe-stage1_frozen_pair_ranking__seed-1337__outer-4__inner-3,inner,stage1_frozen_pair_ranking,1337,4,3,PASS,6,11,d43dbabeca46229c4609b625e50bb63825474e24d5202e0d9abafb12fe4d25bf
inner__recipe-stage1_frozen_pair_ranking__seed-2025__outer-0__inner-0,inner,stage1_frozen_pair_ranking,2025,0,0,PASS,1,6,94ae8a430e2899d97be4dd8c26cb8c2f9622f0faebe6e4c41d0a47ca314a8a12
inner__recipe-stage1_frozen_pair_ranking__seed-2025__outer-0__inner-1,inner,stage1_frozen_pair_ranking,2025,0,1,PASS,5,10,a9f3f71b673d5093c113bea29c57dc8a222ce49dd9adeee5bdf22bc371971716
inner__recipe-stage1_frozen_pair_ranking__seed-2025__outer-0__inner-2,inner,stage1_frozen_pair_ranking,2025,0,2,PASS,3,8,e496c84689021a2d499f1aa5202d3da90998eacb4714779a039a4c183fe733d6
inner__recipe-stage1_frozen_pair_ranking__seed-2025__outer-0__inner-3,inner,stage1_frozen_pair_ranking,2025,0,3,PASS,6,11,e86b019d375309e5c040d36f3b6ae380a1ccc2e0b89b52f7516a253357fe6c57
inner__recipe-stage1_frozen_pair_ranking__seed-2025__outer-1__inner-0,inner,stage1_frozen_pair_ranking,2025,1,0,PASS,9,14,3cd28fba54d5055bd815c52806883358b0c1317e214334a6dc89d88628c49fd2
inner__recipe-stage1_frozen_pair_ranking__seed-2025__outer-1__inner-1,inner,stage1_frozen_pair_ranking,2025,1,1,PASS,4,9,1b37f5d400a9787174f83d40710b1d51a809517246ba7c62053fc6fa341a6453
inner__recipe-stage1_frozen_pair_ranking__seed-2025__outer-1__inner-2,inner,stage1_frozen_pair_ranking,2025,1,2,PASS,10,15,77f65872c71d062a4e5553cf3ac8cfc42c0660aa03331271a23239c27a0db9fc
inner__recipe-stage1_frozen_pair_ranking__seed-2025__outer-1__inner-3,inner,stage1_frozen_pair_ranking,2025,1,3,PASS,3,8,1236d001957d635f90bcd6975f5639df372353e65d11b9869549e1795d243987
inner__recipe-stage1_frozen_pair_ranking__seed-2025__outer-2__inner-0,inner,stage1_frozen_pair_ranking,2025,2,0,PASS,14,19,7bee30c1e99e9088f204bcf91a40c311024b39bc5ce74d22a7617a182d894732
inner__recipe-stage1_frozen_pair_ranking__seed-2025__outer-2__inner-1,inner,stage1_frozen_pair_ranking,2025,2,1,PASS,13,18,eeae79a0a2dd12812c0396f9da927a467c44b1beb698c7b7c244f71e765bb0c8
inner__recipe-stage1_frozen_pair_ranking__seed-2025__outer-2__inner-2,inner,stage1_frozen_pair_ranking,2025,2,2,PASS,12,17,37543c9983d8705ebd528b1d336fe21a2cb759ef525ec380dc3f281dcb9ff726
inner__recipe-stage1_frozen_pair_ranking__seed-2025__outer-2__inner-3,inner,stage1_frozen_pair_ranking,2025,2,3,PASS,2,7,86d44c2219a545ef9613a41344914d83296555947aacdfc430f00b029eb2da33
inner__recipe-stage1_frozen_pair_ranking__seed-2025__outer-3__inner-0,inner,stage1_frozen_pair_ranking,2025,3,0,PASS,7,12,47356f9ef8c0a1220cf3976cd5d28091340091d6f58c149994fde6f538516f72
inner__recipe-stage1_frozen_pair_ranking__seed-2025__outer-3__inner-1,inner,stage1_frozen_pair_ranking,2025,3,1,PASS,4,9,4b1d0f147fc097803b47d8b592f5bc48013da82ce4b4c554fde14e0dd3911f69
inner__recipe-stage1_frozen_pair_ranking__seed-2025__outer-3__inner-2,inner,stage1_frozen_pair_ranking,2025,3,2,PASS,10,15,23dac25de548331346fcbba49453ed41bfab1d985c428e001f22dd3c4ed2b295
inner__recipe-stage1_frozen_pair_ranking__seed-2025__outer-3__inner-3,inner,stage1_frozen_pair_ranking,2025,3,3,PASS,2,7,c05cbb05984a9c760abf9a92a13b874ce949393dfb4b264630182ff0caa45a92
inner__recipe-stage1_frozen_pair_ranking__seed-2025__outer-4__inner-0,inner,stage1_frozen_pair_ranking,2025,4,0,PASS,9,14,ac6841d79c910e1e03fb84d4aeff61bea494ec7597104bf27cf0e5ae883d7ef3
inner__recipe-stage1_frozen_pair_ranking__seed-2025__outer-4__inner-1,inner,stage1_frozen_pair_ranking,2025,4,1,PASS,4,9,894dca3f4fb0d0a316bc4b4e9149b96472581e9d38eea7ee01272a16c3d02c0c
inner__recipe-stage1_frozen_pair_ranking__seed-2025__outer-4__inner-2,inner,stage1_frozen_pair_ranking,2025,4,2,PASS,5,10,7c3d38f0d7dae3f5824a5a798586916746fffcaa458cdaf798eed23f6d590ebb
inner__recipe-stage1_frozen_pair_ranking__seed-2025__outer-4__inner-3,inner,stage1_frozen_pair_ranking,2025,4,3,PASS,12,17,3a991293494437cc149011985f0adc191621ba0b50a2a1c9b2bdc2959213e375
inner__recipe-stage1_frozen_pair_ranking__seed-42__outer-0__inner-0,inner,stage1_frozen_pair_ranking,42,0,0,PASS,1,6,8aa33adfe4888f4c8759d1edfe493fab6c72bf38f3d9d86c622cc6894091da85
inner__recipe-stage1_frozen_pair_ranking__seed-42__outer-0__inner-1,inner,stage1_frozen_pair_ranking,42,0,1,PASS,3,8,6236e1204dab1350878b0953201472439793994f6f065fb35b6935905a35fe60
inner__recipe-stage1_frozen_pair_ranking__seed-42__outer-0__inner-2,inner,stage1_frozen_pair_ranking,42,0,2,PASS,2,7,ec9e7a27411fec2e2532d8c9e76e426dc4a1a1cdaf9237cf30cfecd8cca2f6df
inner__recipe-stage1_frozen_pair_ranking__seed-42__outer-0__inner-3,inner,stage1_frozen_pair_ranking,42,0,3,PASS,10,15,8ec937924ac0e2d054bbfe2124b9e9364f88f06d1b847d92b3fbffc57ff11fc7
inner__recipe-stage1_frozen_pair_ranking__seed-42__outer-1__inner-0,inner,stage1_frozen_pair_ranking,42,1,0,PASS,3,8,d9a22d8874b0116babd72869ae661c0d954dc56d062e40b6ec145e4b8ed3d931
inner__recipe-stage1_frozen_pair_ranking__seed-42__outer-1__inner-1,inner,stage1_frozen_pair_ranking,42,1,1,PASS,4,9,33a0b03eb13f673b5fe944bd71e83d02db8b6206f8702d35bc2ceb253d8bce7e
inner__recipe-stage1_frozen_pair_ranking__seed-42__outer-1__inner-2,inner,stage1_frozen_pair_ranking,42,1,2,PASS,4,9,43773829fb1225a8023bd5c92768518014cfd4c6f1574cea03b29b31910f612f
inner__recipe-stage1_frozen_pair_ranking__seed-42__outer-1__inner-3,inner,stage1_frozen_pair_ranking,42,1,3,PASS,3,8,2c2fce2461fff8fc4c9a309795a5b2b57f5de41dd3b75efb8f9c69f34918a823
inner__recipe-stage1_frozen_pair_ranking__seed-42__outer-2__inner-0,inner,stage1_frozen_pair_ranking,42,2,0,PASS,11,16,703e6069bf59a92276b7844101ea19db35c4cd5a5eb526b232acae342e5fd9ec
inner__recipe-stage1_frozen_pair_ranking__seed-42__outer-2__inner-1,inner,stage1_frozen_pair_ranking,42,2,1,PASS,4,9,3710d979ab3ebcfc2129c8eee1293ff7b941a92570111873bf78bfd70ded06d7
inner__recipe-stage1_frozen_pair_ranking__seed-42__outer-2__inner-2,inner,stage1_frozen_pair_ranking,42,2,2,PASS,1,6,970ed180c04bbbfdf084dd9d309084cda6d1e893de1b5e7816b6783bac0f9054
inner__recipe-stage1_frozen_pair_ranking__seed-42__outer-2__inner-3,inner,stage1_frozen_pair_ranking,42,2,3,PASS,3,8,41b2fdc9fb8d42aee65d02cdb121b2e8fc6deaa7376b0011d9c4a7fd204a1e80
inner__recipe-stage1_frozen_pair_ranking__seed-42__outer-3__inner-0,inner,stage1_frozen_pair_ranking,42,3,0,PASS,2,7,dfec318ae5f53dd8335e9f70c8595c6237dd6f0d65cfb804658ad3fd5bfe2ab4
inner__recipe-stage1_frozen_pair_ranking__seed-42__outer-3__inner-1,inner,stage1_frozen_pair_ranking,42,3,1,PASS,7,12,f3feae6f1983f76ebac6961fe24d9642760b7811cfa5ba153ecc0e6f3a94cb13
inner__recipe-stage1_frozen_pair_ranking__seed-42__outer-3__inner-2,inner,stage1_frozen_pair_ranking,42,3,2,PASS,13,18,b365e2a965501b49f1f5f2911f4a593b27af5820dfa53aa145908806855406bc
inner__recipe-stage1_frozen_pair_ranking__seed-42__outer-3__inner-3,inner,stage1_frozen_pair_ranking,42,3,3,PASS,8,13,8c79649f4c186fca7a27d60c62677abc4c52594a7ec30625dda4a8e196548ef3
inner__recipe-stage1_frozen_pair_ranking__seed-42__outer-4__inner-0,inner,stage1_frozen_pair_ranking,42,4,0,PASS,3,8,450db4c85194ce54fc8da650f7e8b23c223f03f274cf3a52f2b7b709bce90ead
inner__recipe-stage1_frozen_pair_ranking__seed-42__outer-4__inner-1,inner,stage1_frozen_pair_ranking,42,4,1,PASS,7,12,8b8cd798bd9152d75279e39ec54f349d3f94429620a998cf8f2ad1e3d490e1b8
inner__recipe-stage1_frozen_pair_ranking__seed-42__outer-4__inner-2,inner,stage1_frozen_pair_ranking,42,4,2,PASS,4,9,1df2d12fc58cd66214f8dd3658b276f8ece52db37622503730a109cd4338b3de
inner__recipe-stage1_frozen_pair_ranking__seed-42__outer-4__inner-3,inner,stage1_frozen_pair_ranking,42,4,3,PASS,5,10,4a75b89545e0dd3eb060e1eaf822c17579133c4d5ed8d8475f1c77a69b609b32
outer__recipe-stage1_frozen__seed-1337__outer-0,outer,stage1_frozen,1337,0,,PASS,7,7,6f9375934fbc5fa4b5767737915fb585d57a9cfa1f8e0f8504f079ceb954d023
outer__recipe-stage1_frozen__seed-1337__outer-1,outer,stage1_frozen,1337,1,,PASS,6,6,0d54b1c8af72f5404ec8c0abda53ac898278133b7add4b73870f03640f6b1df6
outer__recipe-stage1_frozen__seed-1337__outer-2,outer,stage1_frozen,1337,2,,PASS,5,5,be91e8b0e8ad7f57cc6f12b276db6d14ea943fdd27f7a73b4c0cf114e3348d4c
outer__recipe-stage1_frozen__seed-1337__outer-3,outer,stage1_frozen,1337,3,,PASS,6,6,ce1ab5fa03a210ab24d6697507d73cdfb51f8171d32e5a1a16efc2a22f23f201
outer__recipe-stage1_frozen__seed-1337__outer-4,outer,stage1_frozen,1337,4,,PASS,10,10,b0cf0dd7d0135bc3757fdfaf7fe7ee0c0a0a5d064a84313e323ba8e20598bc3d
outer__recipe-stage1_frozen__seed-2025__outer-0,outer,stage1_frozen,2025,0,,PASS,4,4,b54d5385f8faba66a868704008f4a6ff082c1e59912a3a8b14e2f7d05bdf63c2
outer__recipe-stage1_frozen__seed-2025__outer-1,outer,stage1_frozen,2025,1,,PASS,5,5,e0489bc68f0e5222b9d5f54c000985990a26d3611fdeffb3bb16adc96db60ccc
outer__recipe-stage1_frozen__seed-2025__outer-2,outer,stage1_frozen,2025,2,,PASS,6,6,a3f27a55cefb66fb60ec76e4758de60d73274a082cfa2f28b0818413bb43e8c4
outer__recipe-stage1_frozen__seed-2025__outer-3,outer,stage1_frozen,2025,3,,PASS,8,8,652cc71e2636b2f49071961517d87ba0754b33410aed8cef6ab388eaaefbf8b1
outer__recipe-stage1_frozen__seed-2025__outer-4,outer,stage1_frozen,2025,4,,PASS,7,7,c5f3adb94d3486204e3f6d0145a746a0f084fba135e251c56d7c90872779decf
outer__recipe-stage1_frozen__seed-42__outer-0,outer,stage1_frozen,42,0,,PASS,6,6,10333498374dc62829716c6c9216e4eb9d8088a8b19fdf4dba8eccc7be163e8c
outer__recipe-stage1_frozen__seed-42__outer-1,outer,stage1_frozen,42,1,,PASS,6,6,132fe8d9962a5bde11ae1cb421241b72edfdb674cfbc2ee899c43403e5d57370
outer__recipe-stage1_frozen__seed-42__outer-2,outer,stage1_frozen,42,2,,PASS,7,7,ae6ee3a6c63c8b4e9f7fe99e6103fccd5541847814d1d3ca1ca40fd0e9ef613b
outer__recipe-stage1_frozen__seed-42__outer-3,outer,stage1_frozen,42,3,,PASS,9,9,1e0b6ecdddb9d555fa4ea6420f3ba8e4efbe2e48c093e6136a1bd19c174aa985
outer__recipe-stage1_frozen__seed-42__outer-4,outer,stage1_frozen,42,4,,PASS,5,5,de9b0d936e7cd6269e25e025e387ed21bd68238fb38cbf4ab908388ab5b8d62e
outer__recipe-stage1_frozen_pair_ranking__seed-1337__outer-0,outer,stage1_frozen_pair_ranking,1337,0,,PASS,5,5,2f516d1082456d199cb6e46f12a655ca16e53ba22214da98c4826bf9585a6b60
outer__recipe-stage1_frozen_pair_ranking__seed-1337__outer-1,outer,stage1_frozen_pair_ranking,1337,1,,PASS,6,6,8c70e11662c693b6fe76f32feea836447e61380ae966ab014128fa53b27536e5
outer__recipe-stage1_frozen_pair_ranking__seed-1337__outer-2,outer,stage1_frozen_pair_ranking,1337,2,,PASS,5,5,b11b71023a37e425777a8d96bc0bbee6c064fe9ca9a0c1b47fa9f91450980613
outer__recipe-stage1_frozen_pair_ranking__seed-1337__outer-3,outer,stage1_frozen_pair_ranking,1337,3,,PASS,11,11,57b7c0af14f67a4e92f036a033d4708472a3875ce1b4a902c839f1d41e7b2687
outer__recipe-stage1_frozen_pair_ranking__seed-1337__outer-4,outer,stage1_frozen_pair_ranking,1337,4,,PASS,6,6,3f9b65f16d130e7e17dd4e67ed52d287d5563000da9db5dcf6e7fb0e2e2f91f9
outer__recipe-stage1_frozen_pair_ranking__seed-2025__outer-0,outer,stage1_frozen_pair_ranking,2025,0,,PASS,4,4,c8992999fb9b9396876a2eea96c6d36858b2d23ac9f754d9eece136ac948a04b
outer__recipe-stage1_frozen_pair_ranking__seed-2025__outer-1,outer,stage1_frozen_pair_ranking,2025,1,,PASS,7,7,a3889f823c06990d0c15630b3310ada43c3dda1c5c04b89ce648b4f4ec8b239a
outer__recipe-stage1_frozen_pair_ranking__seed-2025__outer-2,outer,stage1_frozen_pair_ranking,2025,2,,PASS,13,13,abdb960f7477e1cf66bdd46e5a26a475b9f3b724e65b45d4ea4b94385427fa39
outer__recipe-stage1_frozen_pair_ranking__seed-2025__outer-3,outer,stage1_frozen_pair_ranking,2025,3,,PASS,6,6,3296edfa1f0dfb8eba51b4a8a2f6c4d96be05c909d62071a5b7b9ec66baa1a70
outer__recipe-stage1_frozen_pair_ranking__seed-2025__outer-4,outer,stage1_frozen_pair_ranking,2025,4,,PASS,7,7,0461896af3da2087ce4771345a158e37358170e276bea45fc56a70cf612c9e55
outer__recipe-stage1_frozen_pair_ranking__seed-42__outer-0,outer,stage1_frozen_pair_ranking,42,0,,PASS,3,3,169a31ce6bc3dcc78299d86f18bff81d200fdf6f979b216f331126288f10762f
outer__recipe-stage1_frozen_pair_ranking__seed-42__outer-1,outer,stage1_frozen_pair_ranking,42,1,,PASS,4,4,b2199ab07dddeb5d55a37c27551fc587ce7dc93cc45f78d651914614d3067211
outer__recipe-stage1_frozen_pair_ranking__seed-42__outer-2,outer,stage1_frozen_pair_ranking,42,2,,PASS,4,4,5e09d5d5e845690ac7b531a885144cd6fb078d8311ac7c08b715d1a90de1f1b8
outer__recipe-stage1_frozen_pair_ranking__seed-42__outer-3,outer,stage1_frozen_pair_ranking,42,3,,PASS,8,8,16d30f6e15834054b35a422bd644044d44a6d0ef37b2cab0d3162b56ad730156
outer__recipe-stage1_frozen_pair_ranking__seed-42__outer-4,outer,stage1_frozen_pair_ranking,42,4,,PASS,5,5,6bf67f02862026ed056d694b8f87a2220ea6cddbf666bb44792770eb9e98dafb
