recipe,seed,outer_fold,inner_best_epochs,median,round_half_up_selected_epoch,receipt_selected_epoch,status
stage1_frozen,42,0,5;4;8;7,6.0,6,6,PASS
stage1_frozen,42,1,5;6;11;6,6.0,6,6,PASS
stage1_frozen,42,2,9;4;6;7,6.5,7,7,PASS
stage1_frozen,42,3,10;10;6;7,8.5,9,9,PASS
stage1_frozen,42,4,7;4;4;5,4.5,5,5,PASS
stage1_frozen,1337,0,5;13;7;6,6.5,7,7,PASS
stage1_frozen,1337,1,7;4;6;6,6.0,6,6,PASS
stage1_frozen,1337,2,5;14;4;3,4.5,5,5,PASS
stage1_frozen,1337,3,4;11;6;5,5.5,6,6,PASS
stage1_frozen,1337,4,20;7;5;13,10.0,10,10,PASS
stage1_frozen,2025,0,4;8;4;3,4.0,4,4,PASS
stage1_frozen,2025,1,9;3;5;5,5.0,5,5,PASS
stage1_frozen,2025,2,13;5;3;6,5.5,6,6,PASS
stage1_frozen,2025,3,9;9;7;4,8.0,8,8,PASS
stage1_frozen,2025,4,8;4;6;10,7.0,7,7,PASS
stage1_frozen_pair_ranking,42,0,1;3;2;10,2.5,3,3,PASS
stage1_frozen_pair_ranking,42,1,3;4;4;3,3.5,4,4,PASS
stage1_frozen_pair_ranking,42,2,11;4;1;3,3.5,4,4,PASS
stage1_frozen_pair_ranking,42,3,2;7;13;8,7.5,8,8,PASS
stage1_frozen_pair_ranking,42,4,3;7;4;5,4.5,5,5,PASS
stage1_frozen_pair_ranking,1337,0,2;7;15;3,5.0,5,5,PASS
stage1_frozen_pair_ranking,1337,1,4;2;7;8,5.5,6,6,PASS
stage1_frozen_pair_ranking,1337,2,3;6;7;4,5.0,5,5,PASS
stage1_frozen_pair_ranking,1337,3,12;12;9;7,10.5,11,11,PASS
stage1_frozen_pair_ranking,1337,4,4;6;7;6,6.0,6,6,PASS
stage1_frozen_pair_ranking,2025,0,1;5;3;6,4.0,4,4,PASS
stage1_frozen_pair_ranking,2025,1,9;4;10;3,6.5,7,7,PASS
stage1_frozen_pair_ranking,2025,2,14;13;12;2,12.5,13,13,PASS
stage1_frozen_pair_ranking,2025,3,7;4;10;2,5.5,6,6,PASS
stage1_frozen_pair_ranking,2025,4,9;4;5;12,7.0,7,7,PASS
